key,sheet,buyer,supplier_excel,posting_date,amount_usd,channel,bank_label,pi_label,kind
XLS-HMA-001,Опл-Пост HMA,THE QUALITY AND FRESH MEAT MCHJ,HMA AGRO INDUSTRIES LIMITED,2025-04-01,2500000.0,Bank,BANK,PI1,goods
XLS-HMA-002,Опл-Пост HMA,THE QUALITY AND FRESH MEAT MCHJ,HMA AGRO INDUSTRIES LIMITED,2025-04-18,500000.0,Bank,BANK,PI1,goods
XLS-HMA-003,Опл-Пост HMA,THE QUALITY AND FRESH MEAT MCHJ,HMA AGRO INDUSTRIES LIMITED,2025-04-18,500000.0,Bank,BANK,PI2,goods
XLS-HMA-004,Опл-Пост HMA,THE QUALITY AND FRESH MEAT MCHJ,HMA AGRO INDUSTRIES LIMITED,2025-04-23,1000000.0,Bank,BANK,PI1,goods
XLS-HMA-005,Опл-Пост HMA,THE QUALITY AND FRESH MEAT MCHJ,HMA AGRO INDUSTRIES LIMITED,2025-05-08,500000.0,Bank,BANK,PI1,goods
XLS-HMA-006,Опл-Пост HMA,THE QUALITY AND FRESH MEAT MCHJ,HMA AGRO INDUSTRIES LIMITED,2025-05-12,881882.0,Bank,BANK,PI1,goods
XLS-HMA-007,Опл-Пост HMA,THE QUALITY AND FRESH MEAT MCHJ,HMA AGRO INDUSTRIES LIMITED,2025-05-12,1000000.0,Bank,BANK,PI2,goods
XLS-HMA-008,Опл-Пост HMA,THE QUALITY AND FRESH MEAT MCHJ,HMA AGRO INDUSTRIES LIMITED,2025-05-20,1000000.0,Bank,BANK,PI2,goods
XLS-HMA-009,Опл-Пост HMA,THE QUALITY AND FRESH MEAT MCHJ,HMA AGRO INDUSTRIES LIMITED,2025-05-30,500000.0,Bank,BANK,PI2,goods
XLS-HMA-010,Опл-Пост HMA,THE QUALITY AND FRESH MEAT MCHJ,HMA AGRO INDUSTRIES LIMITED,2025-06-04,500000.0,Bank,BANK,PI2,goods
XLS-HMA-011,Опл-Пост HMA,THE QUALITY AND FRESH MEAT MCHJ,HMA AGRO INDUSTRIES LIMITED,2025-06-05,975000.0,Bank,BANK,PI2,goods
XLS-HMA-012,Опл-Пост HMA,THE QUALITY AND FRESH MEAT MCHJ,HMA AGRO INDUSTRIES LIMITED,2025-06-13,900000.0,Bank,BANK,PI2,goods
XLS-HMA-013,Опл-Пост HMA,THE QUALITY AND FRESH MEAT MCHJ,HMA AGRO INDUSTRIES LIMITED,2025-06-13,400000.0,Bank,BANK,PI2,goods
XLS-HMA-014,Опл-Пост HMA,THE QUALITY AND FRESH MEAT MCHJ,HMA AGRO INDUSTRIES LIMITED,2025-06-20,485000.0,Bank,BANK,PI2,goods
XLS-HMA-015,Опл-Пост HMA,THE QUALITY AND FRESH MEAT MCHJ,HMA AGRO INDUSTRIES LIMITED,2025-06-24,1000000.0,Bank,BANK,PI3,goods
XLS-HMA-016,Опл-Пост HMA,THE QUALITY AND FRESH MEAT MCHJ,HMA AGRO INDUSTRIES LIMITED,2025-07-07,1000000.0,Bank,BANK,PI3,goods
XLS-HMA-017,Опл-Пост HMA,THE QUALITY AND FRESH MEAT MCHJ,HMA AGRO INDUSTRIES LIMITED,2025-07-09,250000.0,Bank,BANK,PI3,goods
XLS-HMA-018,Опл-Пост HMA,THE QUALITY AND FRESH MEAT MCHJ,HMA AGRO INDUSTRIES LIMITED,2025-07-11,250000.0,Bank,BANK,PI3,goods
XLS-HMA-019,Опл-Пост HMA,THE QUALITY AND FRESH MEAT MCHJ,HMA AGRO INDUSTRIES LIMITED,2025-07-16,250000.0,Bank,BANK,PI3,goods
XLS-HMA-020,Опл-Пост HMA,THE QUALITY AND FRESH MEAT MCHJ,HMA AGRO INDUSTRIES LIMITED,2025-07-18,250000.0,Bank,BANK,PI3,goods
XLS-HMA-021,Опл-Пост HMA,THE QUALITY AND FRESH MEAT MCHJ,HMA AGRO INDUSTRIES LIMITED,2025-07-23,400000.0,Bank,BANK,PI3,goods
XLS-HMA-022,Опл-Пост HMA,THE QUALITY AND FRESH MEAT MCHJ,HMA AGRO INDUSTRIES LIMITED,2025-07-25,200000.0,Bank,BANK,PI2,goods
XLS-HMA-023,Опл-Пост HMA,THE QUALITY AND FRESH MEAT MCHJ,HMA AGRO INDUSTRIES LIMITED,2025-07-29,150000.0,Bank,BANK,PI3,goods
XLS-HMA-024,Опл-Пост HMA,THE QUALITY AND FRESH MEAT MCHJ,HMA AGRO INDUSTRIES LIMITED,2025-08-01,101000.0,Bank,BANK,PI3,goods
XLS-HMA-025,Опл-Пост HMA,THE QUALITY AND FRESH MEAT MCHJ,HMA AGRO INDUSTRIES LIMITED,2025-08-04,400000.0,Bank,BANK,PI4,goods
XLS-HMA-026,Опл-Пост HMA,THE QUALITY AND FRESH MEAT MCHJ,HMA AGRO INDUSTRIES LIMITED,2025-08-07,600000.0,Bank,BANK,PI4,goods
XLS-HMA-027,Опл-Пост HMA,THE QUALITY AND FRESH MEAT MCHJ,HMA AGRO INDUSTRIES LIMITED,2025-08-11,300000.0,Bank,BANK,PI4,goods
XLS-HMA-028,Опл-Пост HMA,THE QUALITY AND FRESH MEAT MCHJ,HMA AGRO INDUSTRIES LIMITED,2025-08-13,200000.0,Bank,BANK,PI4,goods
XLS-HMA-029,Опл-Пост HMA,THE QUALITY AND FRESH MEAT MCHJ,HMA AGRO INDUSTRIES LIMITED,2025-08-13,150000.0,Bank,BANK,PI4,goods
XLS-HMA-030,Опл-Пост HMA,THE QUALITY AND FRESH MEAT MCHJ,HMA AGRO INDUSTRIES LIMITED,2025-08-18,250000.0,Bank,BANK,PI4,goods
XLS-HMA-031,Опл-Пост HMA,THE QUALITY AND FRESH MEAT MCHJ,HMA AGRO INDUSTRIES LIMITED,2025-08-15,100001.0,Bank,BANK,PI3,goods
XLS-HMA-032,Опл-Пост HMA,THE QUALITY AND FRESH MEAT MCHJ,HMA AGRO INDUSTRIES LIMITED,2025-08-18,150000.0,Bank,BANK,PI3,goods
XLS-HMA-033,Опл-Пост HMA,THE QUALITY AND FRESH MEAT MCHJ,HMA AGRO INDUSTRIES LIMITED,2025-08-18,250000.0,Bank,BANK,PI3,goods
XLS-HMA-034,Опл-Пост HMA,THE QUALITY AND FRESH MEAT MCHJ,HMA AGRO INDUSTRIES LIMITED,2025-08-20,250000.0,Bank,BANK,PI3,goods
XLS-HMA-035,Опл-Пост HMA,THE QUALITY AND FRESH MEAT MCHJ,HMA AGRO INDUSTRIES LIMITED,2025-08-20,250000.0,Bank,BANK,PI3,goods
XLS-HMA-036,Опл-Пост HMA,THE QUALITY AND FRESH MEAT MCHJ,HMA AGRO INDUSTRIES LIMITED,2025-08-22,250000.0,Bank,BANK,PI3,goods
XLS-HMA-037,Опл-Пост HMA,THE QUALITY AND FRESH MEAT MCHJ,HMA AGRO INDUSTRIES LIMITED,2025-08-29,200000.0,Bank,BANK,PI2,goods
XLS-HMA-038,Опл-Пост HMA,THE QUALITY AND FRESH MEAT MCHJ,HMA AGRO INDUSTRIES LIMITED,2025-09-02,300000.0,Bank,BANK,PI3,goods
XLS-HMA-039,Опл-Пост HMA,THE QUALITY AND FRESH MEAT MCHJ,HMA AGRO INDUSTRIES LIMITED,2025-09-03,300000.0,Bank,BANK,PI4,goods
XLS-HMA-040,Опл-Пост HMA,THE QUALITY AND FRESH MEAT MCHJ,HMA AGRO INDUSTRIES LIMITED,2025-09-04,200000.0,Bank,BANK,PI4,goods
XLS-HMA-041,Опл-Пост HMA,THE QUALITY AND FRESH MEAT MCHJ,HMA AGRO INDUSTRIES LIMITED,2025-09-05,200000.0,Bank,BANK,PI4,goods
XLS-HMA-042,Опл-Пост HMA,THE QUALITY AND FRESH MEAT MCHJ,HMA AGRO INDUSTRIES LIMITED,2025-09-09,350000.0,Bank,BANK,PI4,goods
XLS-HMA-043,Опл-Пост HMA,THE QUALITY AND FRESH MEAT MCHJ,HMA AGRO INDUSTRIES LIMITED,2025-09-10,450000.0,Bank,BANK,PI4,goods
XLS-HMA-044,Опл-Пост HMA,THE QUALITY AND FRESH MEAT MCHJ,HMA AGRO INDUSTRIES LIMITED,2025-09-11,451000.0,Bank,BANK,PI4,goods
XLS-HMA-045,Опл-Пост HMA,THE QUALITY AND FRESH MEAT MCHJ,HMA AGRO INDUSTRIES LIMITED,2025-09-12,250000.0,Bank,BANK,PI4,goods
XLS-HMA-046,Опл-Пост HMA,THE QUALITY AND FRESH MEAT MCHJ,HMA AGRO INDUSTRIES LIMITED,2025-09-12,450000.0,Bank,BANK,PI4,goods
XLS-HMA-047,Опл-Пост HMA,THE QUALITY AND FRESH MEAT MCHJ,HMA AGRO INDUSTRIES LIMITED,2025-09-16,501000.0,Bank,BANK,PI5,goods
XLS-HMA-048,Опл-Пост HMA,THE QUALITY AND FRESH MEAT MCHJ,HMA AGRO INDUSTRIES LIMITED,2025-09-17,250001.0,Bank,BANK,PI5,goods
XLS-HMA-049,Опл-Пост HMA,THE QUALITY AND FRESH MEAT MCHJ,HMA AGRO INDUSTRIES LIMITED,2025-09-18,200002.0,Bank,BANK,PI5,goods
XLS-HMA-050,Опл-Пост HMA,THE QUALITY AND FRESH MEAT MCHJ,HMA AGRO INDUSTRIES LIMITED,2025-09-18,400004.0,Bank,BANK,PI5,goods
XLS-HMA-051,Опл-Пост HMA,THE QUALITY AND FRESH MEAT MCHJ,HMA AGRO INDUSTRIES LIMITED,2025-09-19,500005.0,Bank,BANK,PI5,goods
XLS-HMA-052,Опл-Пост HMA,THE QUALITY AND FRESH MEAT MCHJ,HMA AGRO INDUSTRIES LIMITED,2025-09-19,165000.0,Bank,BANK,PI5,goods
XLS-HMA-053,Опл-Пост HMA,THE QUALITY AND FRESH MEAT MCHJ,HMA AGRO INDUSTRIES LIMITED,2025-09-22,500000.0,Bank,BANK,PI5,goods
XLS-HMA-054,Опл-Пост HMA,THE QUALITY AND FRESH MEAT MCHJ,HMA AGRO INDUSTRIES LIMITED,2025-09-23,400001.0,Bank,BANK,PI5,goods
XLS-HMA-055,Опл-Пост HMA,THE QUALITY AND FRESH MEAT MCHJ,HMA AGRO INDUSTRIES LIMITED,2025-09-24,200020.0,Bank,BANK,PI5,goods
XLS-HMA-056,Опл-Пост HMA,THE QUALITY AND FRESH MEAT MCHJ,HMA AGRO INDUSTRIES LIMITED,2025-09-25,600006.0,Bank,BANK,PI5,goods
XLS-HMA-057,Опл-Пост HMA,THE QUALITY AND FRESH MEAT MCHJ,HMA AGRO INDUSTRIES LIMITED,2025-09-26,700007.0,Bank,BANK,PI5,goods
XLS-HMA-058,Опл-Пост HMA,THE QUALITY AND FRESH MEAT MCHJ,HMA AGRO INDUSTRIES LIMITED,2025-09-29,300000.0,Bank,BANK,PI5,goods
XLS-HMA-059,Опл-Пост HMA,THE QUALITY AND FRESH MEAT MCHJ,HMA AGRO INDUSTRIES LIMITED,2025-09-30,300000.0,Bank,BANK,PI5,goods
XLS-HMA-060,Опл-Пост HMA,THE QUALITY AND FRESH MEAT MCHJ,HMA AGRO INDUSTRIES LIMITED,2025-10-02,400000.0,Bank,BANK,PI5,goods
XLS-HMA-061,Опл-Пост HMA,THE QUALITY AND FRESH MEAT MCHJ,HMA AGRO INDUSTRIES LIMITED,2025-10-03,400014.0,Bank,BANK,PI5,goods
XLS-HMA-062,Опл-Пост HMA,THE QUALITY AND FRESH MEAT MCHJ,HMA AGRO INDUSTRIES LIMITED,2025-10-08,600016.0,Bank,BANK,PI6,goods
XLS-HMA-063,Опл-Пост HMA,THE QUALITY AND FRESH MEAT MCHJ,HMA AGRO INDUSTRIES LIMITED,2025-10-10,600001.0,Bank,BANK,PI5_2,goods
XLS-HMA-064,Опл-Пост HMA,THE QUALITY AND FRESH MEAT MCHJ,HMA AGRO INDUSTRIES LIMITED,2025-10-16,950000.0,Bank,BANK,PI5_2,goods
XLS-HMA-065,Опл-Пост HMA,THE QUALITY AND FRESH MEAT MCHJ,HMA AGRO INDUSTRIES LIMITED,2025-10-20,260000.0,Bank,BANK,PI4,goods
XLS-HMA-066,Опл-Пост HMA,THE QUALITY AND FRESH MEAT MCHJ,HMA AGRO INDUSTRIES LIMITED,2025-10-21,500000.0,Bank,BANK,PI4,goods
XLS-HMA-067,Опл-Пост HMA,THE QUALITY AND FRESH MEAT MCHJ,HMA AGRO INDUSTRIES LIMITED,2025-10-22,500003.0,Bank,BANK,PI4,goods
XLS-HMA-068,Опл-Пост HMA,THE QUALITY AND FRESH MEAT MCHJ,HMA AGRO INDUSTRIES LIMITED,2025-10-23,500007.0,Bank,BANK,PI4,goods
XLS-HMA-069,Опл-Пост HMA,THE QUALITY AND FRESH MEAT MCHJ,HMA AGRO INDUSTRIES LIMITED,2025-10-24,400010.0,Bank,BANK,PI4,goods
XLS-HMA-070,Опл-Пост HMA,THE QUALITY AND FRESH MEAT MCHJ,HMA AGRO INDUSTRIES LIMITED,2025-10-31,5622.2,Bank,BANK,PI2,goods
XLS-HMA-071,Опл-Пост HMA,THE QUALITY AND FRESH MEAT MCHJ,HMA AGRO INDUSTRIES LIMITED,2025-10-31,82641.6,Bank,BANK,PI3,goods
XLS-HMA-072,Опл-Пост HMA,THE QUALITY AND FRESH MEAT MCHJ,HMA AGRO INDUSTRIES LIMITED,2025-10-31,18610.0,Bank,BANK,PI4,goods
XLS-HMA-073,Опл-Пост HMA,THE QUALITY AND FRESH MEAT MCHJ,HMA AGRO INDUSTRIES LIMITED,2025-10-31,12399.0,Bank,BANK,PI5_2,goods
XLS-HMA-074,Опл-Пост HMA,THE QUALITY AND FRESH MEAT MCHJ,HMA AGRO INDUSTRIES LIMITED,2025-10-31,84700.0,Bank,BANK,PI5,goods
XLS-HMA-075,Опл-Пост HMA,THE QUALITY AND FRESH MEAT MCHJ,HMA AGRO INDUSTRIES LIMITED,2025-10-31,85000.0,Bank,BANK,PI5,goods
XLS-HMA-076,Опл-Пост HMA,THE QUALITY AND FRESH MEAT MCHJ,HMA AGRO INDUSTRIES LIMITED,2025-11-03,500020.0,Bank,BANK,PI6,goods
XLS-HMA-077,Опл-Пост HMA,THE QUALITY AND FRESH MEAT MCHJ,HMA AGRO INDUSTRIES LIMITED,2025-10-31,500010.0,Bank,BANK,PI6,goods
XLS-HMA-078,Опл-Пост HMA,THE QUALITY AND FRESH MEAT MCHJ,HMA AGRO INDUSTRIES LIMITED,2025-11-07,500000.0,Bank,BANK,PI5,goods
XLS-HMA-079,Опл-Пост HMA,THE QUALITY AND FRESH MEAT MCHJ,HMA AGRO INDUSTRIES LIMITED,2025-11-10,325000.0,Bank,BANK,PI6,goods
XLS-HMA-080,Опл-Пост HMA,THE QUALITY AND FRESH MEAT MCHJ,HMA AGRO INDUSTRIES LIMITED,2025-11-12,125000.0,Bank,BANK,PI6,goods
XLS-HMA-081,Опл-Пост HMA,THE QUALITY AND FRESH MEAT MCHJ,HMA AGRO INDUSTRIES LIMITED,2025-11-13,300030.0,Bank,BANK,PI6,goods
XLS-HMA-082,Опл-Пост HMA,THE QUALITY AND FRESH MEAT MCHJ,HMA AGRO INDUSTRIES LIMITED,2025-11-17,1500000.0,Bank,BANK,PI6,goods
XLS-HMA-083,Опл-Пост HMA,THE QUALITY AND FRESH MEAT MCHJ,HMA AGRO INDUSTRIES LIMITED,2025-11-18,350001.0,Bank,BANK,PI6,goods
XLS-HMA-084,Опл-Пост HMA,THE QUALITY AND FRESH MEAT MCHJ,HMA AGRO INDUSTRIES LIMITED,2025-11-19,350009.0,Bank,BANK,PI6,goods
XLS-HMA-085,Опл-Пост HMA,THE QUALITY AND FRESH MEAT MCHJ,HMA AGRO INDUSTRIES LIMITED,2025-11-21,600009.0,Bank,BANK,PI5,goods
XLS-HMA-086,Опл-Пост HMA,THE QUALITY AND FRESH MEAT MCHJ,HMA AGRO INDUSTRIES LIMITED,2025-11-25,50631.0,Bank,BANK,PI5,goods
XLS-HMA-087,Опл-Пост HMA,THE QUALITY AND FRESH MEAT MCHJ,HMA AGRO INDUSTRIES LIMITED,2025-11-25,49469.0,Bank,BANK,PI6,goods
XLS-HMA-088,Опл-Пост HMA,THE QUALITY AND FRESH MEAT MCHJ,HMA AGRO INDUSTRIES LIMITED,2025-11-25,300013.0,Bank,BANK,PI6,goods
XLS-HMA-089,Опл-Пост HMA,THE QUALITY AND FRESH MEAT MCHJ,HMA AGRO INDUSTRIES LIMITED,2025-11-27,400040.0,Bank,BANK,PI6,goods
XLS-HMA-090,Опл-Пост HMA,THE QUALITY AND FRESH MEAT MCHJ,HMA AGRO INDUSTRIES LIMITED,2025-11-28,400400.0,Bank,BANK,PI6,goods
XLS-HMA-091,Опл-Пост HMA,THE QUALITY AND FRESH MEAT MCHJ,HMA AGRO INDUSTRIES LIMITED,2025-12-01,500050.0,Bank,BANK,PI6,goods
XLS-HMA-092,Опл-Пост HMA,THE QUALITY AND FRESH MEAT MCHJ,HMA AGRO INDUSTRIES LIMITED,2025-12-01,800008.0,Bank,BANK,PI6,goods
XLS-HMA-093,Опл-Пост HMA,THE QUALITY AND FRESH MEAT MCHJ,HMA AGRO INDUSTRIES LIMITED,2025-12-03,400003.0,Bank,BANK,PI6,goods
XLS-HMA-094,Опл-Пост HMA,THE QUALITY AND FRESH MEAT MCHJ,HMA AGRO INDUSTRIES LIMITED,2025-12-05,500050.0,Bank,BANK,PI6,goods
XLS-HMA-095,Опл-Пост HMA,THE QUALITY AND FRESH MEAT MCHJ,HMA AGRO INDUSTRIES LIMITED,2025-12-05,300300.0,Bank,BANK,PI6,goods
XLS-HMA-096,Опл-Пост HMA,THE QUALITY AND FRESH MEAT MCHJ,HMA AGRO INDUSTRIES LIMITED,2025-12-10,400041.0,Bank,BANK,PI6,goods
XLS-HMA-097,Опл-Пост HMA,THE QUALITY AND FRESH MEAT MCHJ,HMA AGRO INDUSTRIES LIMITED,2025-12-11,350050.0,Bank,BANK,PI6,goods
XLS-HMA-098,Опл-Пост HMA,THE QUALITY AND FRESH MEAT MCHJ,HMA AGRO INDUSTRIES LIMITED,2025-12-12,251000.0,Bank,BANK,PI6,goods
XLS-HMA-099,Опл-Пост HMA,THE QUALITY AND FRESH MEAT MCHJ,HMA AGRO INDUSTRIES LIMITED,2025-12-17,1200002.0,Bank,BANK,PI7_2 1843-1844,goods
XLS-HMA-100,Опл-Пост HMA,THE QUALITY AND FRESH MEAT MCHJ,HMA AGRO INDUSTRIES LIMITED,2025-12-19,200100.0,Bank,BANK,PI7_2 1843-1844,goods
XLS-HMA-101,Опл-Пост HMA,THE QUALITY AND FRESH MEAT MCHJ,HMA AGRO INDUSTRIES LIMITED,2025-12-24,150100.0,Bank,BANK,PI7_3 1913-948,goods
XLS-HMA-102,Опл-Пост HMA,THE QUALITY AND FRESH MEAT MCHJ,HMA AGRO INDUSTRIES LIMITED,2025-12-26,600600.0,Bank,BANK,PI7 - 1796,goods
XLS-HMA-103,Опл-Пост HMA,THE QUALITY AND FRESH MEAT MCHJ,HMA AGRO INDUSTRIES LIMITED,2026-01-05,1500000.0,Bank,BANK,PI7_2 1843-1844,goods
XLS-HMA-104,Опл-Пост HMA,THE QUALITY AND FRESH MEAT MCHJ,HMA AGRO INDUSTRIES LIMITED,2026-01-05,400000.0,Bank,BANK,PI7_2 1843-1844,goods
XLS-HMA-105,Опл-Пост HMA,THE QUALITY AND FRESH MEAT MCHJ,HMA AGRO INDUSTRIES LIMITED,2026-01-06,450100.0,Bank,BANK,PI6,goods
XLS-HMA-106,Опл-Пост HMA,THE QUALITY AND FRESH MEAT MCHJ,HMA AGRO INDUSTRIES LIMITED,2026-01-08,900001.0,Bank,BANK,PI7_2 1843-1844,goods
XLS-HMA-107,Опл-Пост HMA,THE QUALITY AND FRESH MEAT MCHJ,HMA AGRO INDUSTRIES LIMITED,2026-01-13,350070.0,Bank,BANK,PI7 - 1796,goods
XLS-HMA-108,Опл-Пост HMA,THE QUALITY AND FRESH MEAT MCHJ,HMA AGRO INDUSTRIES LIMITED,2026-01-12,130254.0,Bank,BANK,PI6,goods
XLS-HMA-109,Опл-Пост HMA,THE QUALITY AND FRESH MEAT MCHJ,HMA AGRO INDUSTRIES LIMITED,2026-01-12,81130.0,Bank,BANK,PI7 - 1796,goods
XLS-HMA-110,Опл-Пост HMA,THE QUALITY AND FRESH MEAT MCHJ,HMA AGRO INDUSTRIES LIMITED,2026-01-12,169100.0,Bank,BANK,PI7_3 1913-948,goods
XLS-HMA-111,Опл-Пост HMA,THE QUALITY AND FRESH MEAT MCHJ,HMA AGRO INDUSTRIES LIMITED,2026-01-12,119561.0,Bank,BANK,PI7_2 1843-1844,goods
XLS-HMA-112,Опл-Пост HMA,THE QUALITY AND FRESH MEAT MCHJ,HMA AGRO INDUSTRIES LIMITED,2026-01-16,150000.0,Bank,BANK,PI7_2 1843-1844,goods
XLS-HMA-113,Опл-Пост HMA,THE QUALITY AND FRESH MEAT MCHJ,HMA AGRO INDUSTRIES LIMITED,2026-01-20,500075.0,Bank,BANK,PI7_2 1843-1844,goods
XLS-HMA-114,Опл-Пост HMA,THE QUALITY AND FRESH MEAT MCHJ,HMA AGRO INDUSTRIES LIMITED,2026-01-20,600025.0,Bank,BANK,PI7_2 1843-1844,goods
XLS-HMA-115,Опл-Пост HMA,THE QUALITY AND FRESH MEAT MCHJ,HMA AGRO INDUSTRIES LIMITED,2026-01-22,439105.6,Bank,BANK,PI7_2 1843-1844,goods
XLS-HMA-116,Опл-Пост HMA,THE QUALITY AND FRESH MEAT MCHJ,HMA AGRO INDUSTRIES LIMITED,2026-01-22,260894.4,Bank,BANK,PI8,goods
XLS-HMA-117,Опл-Пост HMA,THE QUALITY AND FRESH MEAT MCHJ,HMA AGRO INDUSTRIES LIMITED,2026-01-29,200045.0,Bank,BANK,PI8,goods
XLS-HMA-118,Опл-Пост HMA,THE QUALITY AND FRESH MEAT MCHJ,HMA AGRO INDUSTRIES LIMITED,2026-01-29,300055.0,Bank,BANK,PI8,goods
XLS-HMA-119,Опл-Пост HMA,THE QUALITY AND FRESH MEAT MCHJ,HMA AGRO INDUSTRIES LIMITED,2026-01-30,500012.0,Bank,BANK,PI8,goods
XLS-HMA-120,Опл-Пост HMA,THE QUALITY AND FRESH MEAT MCHJ,HMA AGRO INDUSTRIES LIMITED,2026-02-03,500061.0,Bank,BANK,PI8,goods
XLS-HMA-121,Опл-Пост HMA,THE QUALITY AND FRESH MEAT MCHJ,HMA AGRO INDUSTRIES LIMITED,2026-02-04,500039.0,Bank,BANK,PI8,goods
XLS-HMA-122,Опл-Пост HMA,THE QUALITY AND FRESH MEAT MCHJ,HMA AGRO INDUSTRIES LIMITED,2026-02-06,300040.0,Bank,BANK,PI8,goods
XLS-HMA-123,Опл-Пост HMA,THE QUALITY AND FRESH MEAT MCHJ,HMA AGRO INDUSTRIES LIMITED,2026-02-19,450000.0,Bank,BANK,PI8,goods
XLS-HMA-124,Опл-Пост HMA,THE QUALITY AND FRESH MEAT MCHJ,HMA AGRO INDUSTRIES LIMITED,2026-02-25,1000000.0,Bank,BANK,PI8,goods
XLS-HMA-125,Опл-Пост HMA,THE QUALITY AND FRESH MEAT MCHJ,HMA AGRO INDUSTRIES LIMITED,2026-03-11,1000000.0,Bank,NBU BANK,PI8,goods
XLS-HMA-126,Опл-Пост HMA,THE QUALITY AND FRESH MEAT MCHJ,HMA AGRO INDUSTRIES LIMITED,2026-03-26,600040.0,Bank,BANK,PI8,goods
XLS-HMA-127,Опл-Пост HMA,THE QUALITY AND FRESH MEAT MCHJ,HMA AGRO INDUSTRIES LIMITED,2026-04-09,2092679.01,Bank,NBU BANK,PI9,goods
XLS-HMA-128,Опл-Пост HMA,THE QUALITY AND FRESH MEAT MCHJ,HMA AGRO INDUSTRIES LIMITED,2026-04-14,987433.6,Bank,ALOQA BANK,PI8,goods
XLS-HMA-129,Опл-Пост HMA,THE QUALITY AND FRESH MEAT MCHJ,HMA AGRO INDUSTRIES LIMITED,2026-04-14,1844566.4,Bank,ALOQA BANK,PI9,goods
XLS-HMA-130,Опл-Пост HMA,THE QUALITY AND FRESH MEAT MCHJ,HMA AGRO INDUSTRIES LIMITED,2026-05-06,1000001.0,Bank,ALOQA BANK,PI10,goods
XLS-HMA-131,Опл-Пост HMA,THE QUALITY AND FRESH MEAT MCHJ,HMA AGRO INDUSTRIES LIMITED,2026-05-08,595000.0,Bank,ALOQA BANK,PI10,goods
XLS-HMA-132,Опл-Пост HMA,THE QUALITY AND FRESH MEAT MCHJ,HMA AGRO INDUSTRIES LIMITED,2026-05-25,434700.0,Bank,ALOQA BANK,PI10_3,goods
XLS-HMA-133,Опл-Пост HMA,THE QUALITY AND FRESH MEAT MCHJ,HMA AGRO INDUSTRIES LIMITED,2026-05-26,424974.0,Bank,ALOQA BANK,PI9_2,goods
XLS-HMA-134,Опл-Пост HMA,THE QUALITY AND FRESH MEAT MCHJ,HMA AGRO INDUSTRIES LIMITED,2026-06-15,1000002.0,Bank,BANK,PI11,goods
XLS-HMA-135,Опл-Пост HMA,THE QUALITY AND FRESH MEAT MCHJ,HMA AGRO INDUSTRIES LIMITED,2026-06-17,500000.0,Bank,BANK,PI9,goods
XLS-HMA-136,Опл-Пост HMA,THE QUALITY AND FRESH MEAT MCHJ,HMA AGRO INDUSTRIES LIMITED,2026-06-22,367780.0,Bank,BANK,PI8,goods
XLS-HMA-137,Опл-Пост HMA,THE QUALITY AND FRESH MEAT MCHJ,HMA AGRO INDUSTRIES LIMITED,2026-06-22,132221.0,Bank,BANK,PI9,goods
XLS-HMA-138,Опл-Пост HMA,THE QUALITY AND FRESH MEAT MCHJ,HMA AGRO INDUSTRIES LIMITED,2026-06-24,500004.0,Bank,BANK,PI10,goods
XLS-HMA-139,Опл-Пост HMA,THE QUALITY AND FRESH MEAT MCHJ,HMA AGRO INDUSTRIES LIMITED,2026-06-24,325797.71,Bank,BANK,PI10,goods
XLS-HMA-140,Опл-Пост HMA,THE QUALITY AND FRESH MEAT MCHJ,HMA AGRO INDUSTRIES LIMITED,2026-06-24,174205.29,Bank,BANK,PI9_3,goods
XLS-HMA-141,Опл-Пост HMA,THE QUALITY AND FRESH MEAT MCHJ,HMA AGRO INDUSTRIES LIMITED,2026-06-26,1000005.0,Bank,BANK,PI10,goods
XLS-HMA-142,Опл-Пост HMA,THE QUALITY AND FRESH MEAT MCHJ,HMA AGRO INDUSTRIES LIMITED,2026-07-07,550000.0,Bank,BANK,PI10,goods
XLS-HMA-143,Опл-Пост HMA,THE QUALITY AND FRESH MEAT MCHJ,HMA AGRO INDUSTRIES LIMITED,2026-07-08,650000.0,Bank,BANK,PI10,goods
XLS-HMA-144,Опл-Пост HMA,THE QUALITY AND FRESH MEAT MCHJ,HMA AGRO INDUSTRIES LIMITED,2026-07-14,1161230.0,Bank,BANK,PI10,goods
XLS-HMA-145,Опл-Пост HMA,THE QUALITY AND FRESH MEAT MCHJ,HMA AGRO INDUSTRIES LIMITED,2026-07-16,1000001.0,Bank,BANK,PI10,goods
XLS-HMA-146,Опл-Пост HMA,THE QUALITY AND FRESH MEAT MCHJ,HMA AGRO INDUSTRIES LIMITED,2026-07-20,1000000.0,Bank,BANK,PI10,goods
XLS-HMA-147,Опл-Пост HMA,THE QUALITY AND FRESH MEAT MCHJ,HMA AGRO INDUSTRIES LIMITED,2026-07-22,262633.59,Bank,BANK,PI9,goods
XLS-HMA-148,Опл-Пост HMA,THE QUALITY AND FRESH MEAT MCHJ,HMA AGRO INDUSTRIES LIMITED,2026-07-22,20226.0,Bank,BANK,PI9_2,goods
XLS-HMA-149,Опл-Пост HMA,THE QUALITY AND FRESH MEAT MCHJ,HMA AGRO INDUSTRIES LIMITED,2026-07-22,46994.71,Bank,BANK,PI9_3,goods
XLS-HMA-150,Опл-Пост HMA,THE QUALITY AND FRESH MEAT MCHJ,HMA AGRO INDUSTRIES LIMITED,2026-07-22,539698.7,Bank,BANK,PI10,goods
XLS-HMA-151,Опл-Пост HMA,THE QUALITY AND FRESH MEAT MCHJ,HMA AGRO INDUSTRIES LIMITED,2026-07-23,47862.59,Bank,BANK,PI10,goods
XLS-HMA-152,Опл-Пост HMA,THE QUALITY AND FRESH MEAT MCHJ,HMA AGRO INDUSTRIES LIMITED,2026-07-23,608440.0,Bank,BANK,PI10_2,goods
XLS-HMA-153,Опл-Пост HMA,THE QUALITY AND FRESH MEAT MCHJ,HMA AGRO INDUSTRIES LIMITED,2026-07-23,213366.41,Bank,BANK,PI10_3,goods
XLS-HMA-154,Опл-Пост HMA,THE QUALITY AND FRESH MEAT MCHJ,HMA AGRO INDUSTRIES LIMITED,2025-05-06,300000.0,Cash,CASH,PI2,goods
XLS-HMA-155,Опл-Пост HMA,THE QUALITY AND FRESH MEAT MCHJ,HMA AGRO INDUSTRIES LIMITED,2025-05-17,200000.0,Cash,CASH,PI2,goods
XLS-HMA-156,Опл-Пост HMA,THE QUALITY AND FRESH MEAT MCHJ,HMA AGRO INDUSTRIES LIMITED,2025-05-29,200000.0,Cash,CASH,PI2,goods
XLS-HMA-157,Опл-Пост HMA,THE QUALITY AND FRESH MEAT MCHJ,HMA AGRO INDUSTRIES LIMITED,2025-06-21,200000.0,Cash,CASH,PI2,goods
XLS-HMA-158,Опл-Пост HMA,THE QUALITY AND FRESH MEAT MCHJ,HMA AGRO INDUSTRIES LIMITED,2025-06-28,50000.0,Cash,CASH,PI2,goods
XLS-HMA-159,Опл-Пост HMA,THE QUALITY AND FRESH MEAT MCHJ,HMA AGRO INDUSTRIES LIMITED,2025-06-30,320000.0,Cash,CASH,PI3,goods
XLS-HMA-160,Опл-Пост HMA,THE QUALITY AND FRESH MEAT MCHJ,HMA AGRO INDUSTRIES LIMITED,2025-07-04,30000.0,Cash,CASH,PI2,goods
XLS-HMA-161,Опл-Пост HMA,THE QUALITY AND FRESH MEAT MCHJ,HMA AGRO INDUSTRIES LIMITED,2025-07-24,175000.0,Cash,CASH,PI3,goods
XLS-HMA-162,Опл-Пост HMA,THE QUALITY AND FRESH MEAT MCHJ,HMA AGRO INDUSTRIES LIMITED,2025-07-25,100000.0,Cash,CASH,PI3,goods
XLS-HMA-163,Опл-Пост HMA,THE QUALITY AND FRESH MEAT MCHJ,HMA AGRO INDUSTRIES LIMITED,2025-08-05,200000.0,Cash,CASH,PI4,goods
XLS-HMA-164,Опл-Пост HMA,THE QUALITY AND FRESH MEAT MCHJ,HMA AGRO INDUSTRIES LIMITED,2025-08-18,100000.0,Cash,CASH,PI4,goods
XLS-HMA-165,Опл-Пост HMA,THE QUALITY AND FRESH MEAT MCHJ,HMA AGRO INDUSTRIES LIMITED,2025-08-21,50000.0,Cash,CASH,PI4,goods
XLS-HMA-166,Опл-Пост HMA,THE QUALITY AND FRESH MEAT MCHJ,HMA AGRO INDUSTRIES LIMITED,2025-08-22,100000.0,Cash,CASH,PI4,goods
XLS-HMA-167,Опл-Пост HMA,THE QUALITY AND FRESH MEAT MCHJ,HMA AGRO INDUSTRIES LIMITED,2025-08-26,100000.0,Cash,CASH,PI4,goods
XLS-HMA-168,Опл-Пост HMA,THE QUALITY AND FRESH MEAT MCHJ,HMA AGRO INDUSTRIES LIMITED,2025-09-09,200000.0,Cash,CASH,PI4,goods
XLS-HMA-169,Опл-Пост HMA,THE QUALITY AND FRESH MEAT MCHJ,HMA AGRO INDUSTRIES LIMITED,2025-09-18,64970.0,Cash,CASH,PI4,goods
XLS-HMA-170,Опл-Пост HMA,THE QUALITY AND FRESH MEAT MCHJ,HMA AGRO INDUSTRIES LIMITED,2025-09-19,15763.0,Cash,CASH,PI4,goods
XLS-HMA-171,Опл-Пост HMA,THE QUALITY AND FRESH MEAT MCHJ,HMA AGRO INDUSTRIES LIMITED,2025-09-21,64357.0,Cash,CASH,PI4,goods
XLS-HMA-172,Опл-Пост HMA,THE QUALITY AND FRESH MEAT MCHJ,HMA AGRO INDUSTRIES LIMITED,2025-09-24,38937.0,Cash,CASH,PI5,goods
XLS-HMA-173,Опл-Пост HMA,THE QUALITY AND FRESH MEAT MCHJ,HMA AGRO INDUSTRIES LIMITED,2025-09-23,600.0,Cash,CASH,PI4,goods
XLS-HMA-174,Опл-Пост HMA,THE QUALITY AND FRESH MEAT MCHJ,HMA AGRO INDUSTRIES LIMITED,2025-10-01,52000.0,Cash,CASH,PI5,goods
XLS-HMA-175,Опл-Пост HMA,THE QUALITY AND FRESH MEAT MCHJ,HMA AGRO INDUSTRIES LIMITED,2025-10-03,135000.0,Cash,CASH,PI5,goods
XLS-HMA-176,Опл-Пост HMA,THE QUALITY AND FRESH MEAT MCHJ,HMA AGRO INDUSTRIES LIMITED,2025-10-04,52135.0,Cash,CASH,PI5,goods
XLS-HMA-177,Опл-Пост HMA,THE QUALITY AND FRESH MEAT MCHJ,HMA AGRO INDUSTRIES LIMITED,2025-10-07,72965.0,Cash,CASH,PI5,goods
XLS-HMA-178,Опл-Пост HMA,THE QUALITY AND FRESH MEAT MCHJ,HMA AGRO INDUSTRIES LIMITED,2025-10-09,71357.78,Cash,CASH,PI5,goods
XLS-HMA-179,Опл-Пост HMA,THE QUALITY AND FRESH MEAT MCHJ,HMA AGRO INDUSTRIES LIMITED,2025-10-09,20316.03,Cash,CASH,PI5,goods
XLS-HMA-180,Опл-Пост HMA,THE QUALITY AND FRESH MEAT MCHJ,HMA AGRO INDUSTRIES LIMITED,2025-10-16,56818.18,Cash,CASH,PI5,goods
XLS-HMA-181,Опл-Пост HMA,THE QUALITY AND FRESH MEAT MCHJ,HMA AGRO INDUSTRIES LIMITED,2025-10-16,56882.82,Cash,CASH,PI5,goods
XLS-HMA-182,Опл-Пост HMA,THE QUALITY AND FRESH MEAT MCHJ,HMA AGRO INDUSTRIES LIMITED,2025-10-23,37357.63,Cash,CASH,PI5,goods
XLS-HMA-183,Опл-Пост HMA,THE QUALITY AND FRESH MEAT MCHJ,HMA AGRO INDUSTRIES LIMITED,2025-10-25,34168.56,Cash,CASH,PI5,goods
XLS-HMA-184,Опл-Пост HMA,THE QUALITY AND FRESH MEAT MCHJ,HMA AGRO INDUSTRIES LIMITED,2025-10-28,5107.83,Cash,CASH,PI5,goods
XLS-HMA-185,Опл-Пост HMA,THE QUALITY AND FRESH MEAT MCHJ,HMA AGRO INDUSTRIES LIMITED,2025-11-02,84700.0,Cash,CASH,PI5_2,goods
XLS-HMA-186,Опл-Пост HMA,THE QUALITY AND FRESH MEAT MCHJ,HMA AGRO INDUSTRIES LIMITED,2025-11-02,2684.44,Cash,CASH,PI6,goods
XLS-HMA-187,Опл-Пост HMA,THE QUALITY AND FRESH MEAT MCHJ,HMA AGRO INDUSTRIES LIMITED,2025-11-03,29714.16,Cash,CASH,PI5,goods
XLS-HMA-188,Опл-Пост HMA,THE QUALITY AND FRESH MEAT MCHJ,HMA AGRO INDUSTRIES LIMITED,2025-11-03,20567.69,Cash,CASH,PI6,goods
XLS-HMA-189,Опл-Пост HMA,THE QUALITY AND FRESH MEAT MCHJ,HMA AGRO INDUSTRIES LIMITED,2025-11-04,51354.4,Cash,CASH,PI6,goods
XLS-HMA-190,Опл-Пост HMA,THE QUALITY AND FRESH MEAT MCHJ,HMA AGRO INDUSTRIES LIMITED,2025-11-06,60282.49,Cash,CASH,PI6,goods
XLS-HMA-191,Опл-Пост HMA,THE QUALITY AND FRESH MEAT MCHJ,HMA AGRO INDUSTRIES LIMITED,2025-11-06,50395.03,Cash,CASH,PI6,goods
XLS-HMA-192,Опл-Пост HMA,THE QUALITY AND FRESH MEAT MCHJ,HMA AGRO INDUSTRIES LIMITED,2025-11-10,75200.0,Cash,CASH,PI6,goods
XLS-HMA-193,Опл-Пост HMA,THE QUALITY AND FRESH MEAT MCHJ,HMA AGRO INDUSTRIES LIMITED,2025-11-13,100000.0,Cash,CASH,PI6,goods
XLS-HMA-194,Опл-Пост HMA,THE QUALITY AND FRESH MEAT MCHJ,HMA AGRO INDUSTRIES LIMITED,2025-11-21,100000.0,Cash,CASH,PI6,goods
XLS-HMA-195,Опл-Пост HMA,THE QUALITY AND FRESH MEAT MCHJ,HMA AGRO INDUSTRIES LIMITED,2025-11-26,20000.0,Cash,CASH,PI6,goods
XLS-HMA-196,Опл-Пост HMA,THE QUALITY AND FRESH MEAT MCHJ,HMA AGRO INDUSTRIES LIMITED,2025-12-03,100000.0,Cash,CASH,PI6,goods
XLS-HMA-197,Опл-Пост HMA,THE QUALITY AND FRESH MEAT MCHJ,HMA AGRO INDUSTRIES LIMITED,2025-11-30,200.0,Cash,CASH,PI6,goods
XLS-HMA-198,Опл-Пост HMA,THE QUALITY AND FRESH MEAT MCHJ,HMA AGRO INDUSTRIES LIMITED,2025-12-08,6918.0,Cash,CASH,PI6,goods
XLS-HMA-199,Опл-Пост HMA,THE QUALITY AND FRESH MEAT MCHJ,HMA AGRO INDUSTRIES LIMITED,2025-12-08,22400.0,Cash,CASH,PI7,goods
XLS-HMA-200,Опл-Пост HMA,THE QUALITY AND FRESH MEAT MCHJ,HMA AGRO INDUSTRIES LIMITED,2025-12-08,682.0,Cash,CASH,PI7_3,goods
XLS-HMA-201,Опл-Пост HMA,THE QUALITY AND FRESH MEAT MCHJ,HMA AGRO INDUSTRIES LIMITED,2025-12-13,400.0,Cash,CASH,PI7_3,goods
XLS-HMA-202,Опл-Пост HMA,THE QUALITY AND FRESH MEAT MCHJ,HMA AGRO INDUSTRIES LIMITED,2025-12-20,35318.0,Cash,CASH,PI7_3,goods
XLS-HMA-203,Опл-Пост HMA,THE QUALITY AND FRESH MEAT MCHJ,HMA AGRO INDUSTRIES LIMITED,2025-12-20,4682.0,Cash,CASH,PI7_2,goods
XLS-HMA-204,Опл-Пост HMA,THE QUALITY AND FRESH MEAT MCHJ,HMA AGRO INDUSTRIES LIMITED,2026-01-08,100000.0,Cash,CASH,PI7_2,goods
XLS-HMA-205,Опл-Пост HMA,THE QUALITY AND FRESH MEAT MCHJ,HMA AGRO INDUSTRIES LIMITED,2026-01-17,100000.0,Cash,CASH,PI8,goods
XLS-HMA-206,Опл-Пост HMA,THE QUALITY AND FRESH MEAT MCHJ,HMA AGRO INDUSTRIES LIMITED,2026-01-21,100000.0,Cash,CASH,PI7_2,goods
XLS-HMA-207,Опл-Пост HMA,THE QUALITY AND FRESH MEAT MCHJ,HMA AGRO INDUSTRIES LIMITED,2026-01-23,300.0,Cash,CASH,PI7_2,goods
XLS-HMA-208,Опл-Пост HMA,THE QUALITY AND FRESH MEAT MCHJ,HMA AGRO INDUSTRIES LIMITED,2026-01-27,47700.0,Cash,CASH,PI8,goods
XLS-HMA-209,Опл-Пост HMA,THE QUALITY AND FRESH MEAT MCHJ,HMA AGRO INDUSTRIES LIMITED,2026-01-30,100000.0,Cash,CASH,PI7_2,goods
XLS-HMA-210,Опл-Пост HMA,THE QUALITY AND FRESH MEAT MCHJ,HMA AGRO INDUSTRIES LIMITED,2026-04-07,37178.0,Cash,CASH,PI7_2,goods
XLS-HMA-211,Опл-Пост HMA,THE QUALITY AND FRESH MEAT MCHJ,HMA AGRO INDUSTRIES LIMITED,2026-04-07,12822.0,Cash,CASH,PI8,goods
XLS-HMA-212,Опл-Пост HMA,THE QUALITY AND FRESH MEAT MCHJ,HMA AGRO INDUSTRIES LIMITED,2026-04-22,100000.0,Cash,CASH,PI8,goods
XLS-HMA-213,Опл-Пост HMA,THE QUALITY AND FRESH MEAT MCHJ,HMA AGRO INDUSTRIES LIMITED,2026-05-11,20300.0,Cash,CASH,PI8,goods
XLS-HMA-214,Опл-Пост HMA,THE QUALITY AND FRESH MEAT MCHJ,HMA AGRO INDUSTRIES LIMITED,2026-05-12,79700.0,Cash,CASH,PI8,goods
XLS-HMA-215,Опл-Пост HMA,THE QUALITY AND FRESH MEAT MCHJ,HMA AGRO INDUSTRIES LIMITED,2026-05-26,28678.0,Cash,CASH,PI8,goods
XLS-HMA-216,Опл-Пост HMA,THE QUALITY AND FRESH MEAT MCHJ,HMA AGRO INDUSTRIES LIMITED,2026-05-26,71322.0,Cash,CASH,PI9,goods
XLS-HMA-217,Опл-Пост HMA,THE QUALITY AND FRESH MEAT MCHJ,HMA AGRO INDUSTRIES LIMITED,2026-06-23,100000.0,Cash,CASH,PI9,goods
XLS-HMA-218,Опл-Пост HMA,THE QUALITY AND FRESH MEAT MCHJ,HMA AGRO INDUSTRIES LIMITED,2026-07-17,149600.0,Cash,CASH,PI10,goods
XLS-HMAPBW-001,HMA (PBW),THE QUALITY AND FRESH MEAT MCHJ,HMA AGRO INDUSTRIES LIMITED,2026-05-20,2000000.0,Bank,BANK,PI1/PBW,goods
XLS-HMAPBW-002,HMA (PBW),THE QUALITY AND FRESH MEAT MCHJ,HMA AGRO INDUSTRIES LIMITED,2026-06-05,1964800.0,Bank,BANK,PI1/PBW,goods
XLS-HMAPBW-003,HMA (PBW),THE QUALITY AND FRESH MEAT MCHJ,HMA AGRO INDUSTRIES LIMITED,2026-07-10,155400.0,Bank,BANK,PI1/PBW,goods
XLS-FAIR-001,Опл-Пост FAIR,THE QUALITY AND FRESH MEAT MCHJ,FAIR EXPORTS (INDIA) PVT. LTD.,2025-05-20,275000.0,Bank,BANK,PI1,goods
XLS-FAIR-002,Опл-Пост FAIR,THE QUALITY AND FRESH MEAT MCHJ,FAIR EXPORTS (INDIA) PVT. LTD.,2025-05-20,275000.0,Bank,BANK,PI1,goods
XLS-FAIR-003,Опл-Пост FAIR,THE QUALITY AND FRESH MEAT MCHJ,FAIR EXPORTS (INDIA) PVT. LTD.,2025-06-24,500000.0,Bank,BANK,PI3,goods
XLS-FAIR-004,Опл-Пост FAIR,THE QUALITY AND FRESH MEAT MCHJ,FAIR EXPORTS (INDIA) PVT. LTD.,2025-06-27,204164.0,Bank,BANK,PI1,goods
XLS-FAIR-005,Опл-Пост FAIR,THE QUALITY AND FRESH MEAT MCHJ,FAIR EXPORTS (INDIA) PVT. LTD.,2025-07-14,216937.0,Bank,BANK,PI1,goods
XLS-FAIR-006,Опл-Пост FAIR,THE QUALITY AND FRESH MEAT MCHJ,FAIR EXPORTS (INDIA) PVT. LTD.,2025-07-23,210000.0,Bank,BANK,PI1,goods
XLS-FAIR-007,Опл-Пост FAIR,THE QUALITY AND FRESH MEAT MCHJ,FAIR EXPORTS (INDIA) PVT. LTD.,2025-07-29,216937.0,Bank,BANK,PI1,goods
XLS-FAIR-008,Опл-Пост FAIR,THE QUALITY AND FRESH MEAT MCHJ,FAIR EXPORTS (INDIA) PVT. LTD.,2025-08-15,250000.0,Bank,BANK,PI3,goods
XLS-FAIR-009,Опл-Пост FAIR,THE QUALITY AND FRESH MEAT MCHJ,FAIR EXPORTS (INDIA) PVT. LTD.,2025-08-19,264000.0,Bank,BANK,PI3,goods
XLS-FAIR-010,Опл-Пост FAIR,THE QUALITY AND FRESH MEAT MCHJ,FAIR EXPORTS (INDIA) PVT. LTD.,2025-09-03,200000.0,Bank,BANK,PI3,goods
XLS-FAIR-011,Опл-Пост FAIR,THE QUALITY AND FRESH MEAT MCHJ,FAIR EXPORTS (INDIA) PVT. LTD.,2025-09-04,67760.0,Bank,BANK,PI3,goods
XLS-FAIR-012,Опл-Пост FAIR,THE QUALITY AND FRESH MEAT MCHJ,FAIR EXPORTS (INDIA) PVT. LTD.,2025-09-10,65000.0,Bank,BANK,PI3,goods
XLS-FAIR-013,Опл-Пост FAIR,THE QUALITY AND FRESH MEAT MCHJ,FAIR EXPORTS (INDIA) PVT. LTD.,2025-09-15,101000.0,Bank,BANK,PI3,goods
XLS-FAIR-014,Опл-Пост FAIR,THE QUALITY AND FRESH MEAT MCHJ,FAIR EXPORTS (INDIA) PVT. LTD.,2025-09-19,100001.0,Bank,BANK,PI3,goods
XLS-FAIR-015,Опл-Пост FAIR,THE QUALITY AND FRESH MEAT MCHJ,FAIR EXPORTS (INDIA) PVT. LTD.,2025-09-22,30000.0,Bank,BANK,PI3,goods
XLS-FAIR-016,Опл-Пост FAIR,THE QUALITY AND FRESH MEAT MCHJ,FAIR EXPORTS (INDIA) PVT. LTD.,2025-09-23,100001.0,Bank,BANK,PI3,goods
XLS-FAIR-017,Опл-Пост FAIR,THE QUALITY AND FRESH MEAT MCHJ,FAIR EXPORTS (INDIA) PVT. LTD.,2025-09-30,100001.0,Bank,BANK,PI3,goods
XLS-FAIR-018,Опл-Пост FAIR,THE QUALITY AND FRESH MEAT MCHJ,FAIR EXPORTS (INDIA) PVT. LTD.,2025-10-13,125000.0,Bank,BANK,PI4,goods
XLS-FAIR-019,Опл-Пост FAIR,THE QUALITY AND FRESH MEAT MCHJ,FAIR EXPORTS (INDIA) PVT. LTD.,2025-10-15,12200.0,Bank,BANK,PI3,goods
XLS-FAIR-020,Опл-Пост FAIR,THE QUALITY AND FRESH MEAT MCHJ,FAIR EXPORTS (INDIA) PVT. LTD.,2025-10-21,80000.0,Bank,BANK,PI4,goods
XLS-FAIR-021,Опл-Пост FAIR,THE QUALITY AND FRESH MEAT MCHJ,FAIR EXPORTS (INDIA) PVT. LTD.,2025-11-03,174000.0,Bank,BANK,PI4,goods
XLS-FAIR-022,Опл-Пост FAIR,THE QUALITY AND FRESH MEAT MCHJ,FAIR EXPORTS (INDIA) PVT. LTD.,2025-11-21,150005.0,Bank,BANK,PI4,goods
XLS-FAIR-023,Опл-Пост FAIR,THE QUALITY AND FRESH MEAT MCHJ,FAIR EXPORTS (INDIA) PVT. LTD.,2025-11-27,122000.0,Bank,BANK,PI4,goods
XLS-FAIR-024,Опл-Пост FAIR,THE QUALITY AND FRESH MEAT MCHJ,FAIR EXPORTS (INDIA) PVT. LTD.,2025-12-01,164500.0,Bank,BANK,PI5,goods
XLS-FAIR-025,Опл-Пост FAIR,THE QUALITY AND FRESH MEAT MCHJ,FAIR EXPORTS (INDIA) PVT. LTD.,2025-12-10,272000.0,Bank,BANK,PI6,goods
XLS-FAIR-026,Опл-Пост FAIR,THE QUALITY AND FRESH MEAT MCHJ,FAIR EXPORTS (INDIA) PVT. LTD.,2025-12-16,272000.0,Bank,BANK,PI5_2,goods
XLS-FAIR-027,Опл-Пост FAIR,THE QUALITY AND FRESH MEAT MCHJ,FAIR EXPORTS (INDIA) PVT. LTD.,2025-12-17,150000.0,Bank,BANK,PI5,goods
XLS-FAIR-028,Опл-Пост FAIR,THE QUALITY AND FRESH MEAT MCHJ,FAIR EXPORTS (INDIA) PVT. LTD.,2025-12-19,100020.0,Bank,BANK,PI4,goods
XLS-FAIR-029,Опл-Пост FAIR,THE QUALITY AND FRESH MEAT MCHJ,FAIR EXPORTS (INDIA) PVT. LTD.,2025-12-22,150004.0,Bank,BANK,PI4,goods
XLS-FAIR-030,Опл-Пост FAIR,THE QUALITY AND FRESH MEAT MCHJ,FAIR EXPORTS (INDIA) PVT. LTD.,2025-12-24,310000.0,Bank,BANK,PI4,goods
XLS-FAIR-031,Опл-Пост FAIR,THE QUALITY AND FRESH MEAT MCHJ,FAIR EXPORTS (INDIA) PVT. LTD.,2025-01-05,35000.0,Bank,BANK,PI5_2,goods
XLS-FAIR-032,Опл-Пост FAIR,THE QUALITY AND FRESH MEAT MCHJ,FAIR EXPORTS (INDIA) PVT. LTD.,2025-01-05,170000.0,Bank,BANK,PI4,goods
XLS-FAIR-033,Опл-Пост FAIR,THE QUALITY AND FRESH MEAT MCHJ,FAIR EXPORTS (INDIA) PVT. LTD.,2026-01-19,280000.0,Bank,BANK,PI6,goods
XLS-FAIR-034,Опл-Пост FAIR,THE QUALITY AND FRESH MEAT MCHJ,FAIR EXPORTS (INDIA) PVT. LTD.,2026-02-02,100001.0,Bank,BANK,PI4,goods
XLS-FAIR-035,Опл-Пост FAIR,THE QUALITY AND FRESH MEAT MCHJ,FAIR EXPORTS (INDIA) PVT. LTD.,2026-02-03,33693.0,Bank,BANK,PI4,goods
XLS-FAIR-036,Опл-Пост FAIR,THE QUALITY AND FRESH MEAT MCHJ,FAIR EXPORTS (INDIA) PVT. LTD.,2026-02-03,63500.0,Bank,BANK,PI5,goods
XLS-FAIR-037,Опл-Пост FAIR,THE QUALITY AND FRESH MEAT MCHJ,FAIR EXPORTS (INDIA) PVT. LTD.,2026-02-03,2809.0,Bank,BANK,PI6,goods
XLS-FAIR-038,Опл-Пост FAIR,THE QUALITY AND FRESH MEAT MCHJ,FAIR EXPORTS (INDIA) PVT. LTD.,2026-02-04,100007.0,Bank,BANK,PI7,goods
XLS-FAIR-039,Опл-Пост FAIR,THE QUALITY AND FRESH MEAT MCHJ,FAIR EXPORTS (INDIA) PVT. LTD.,2026-02-19,260000.0,Bank,BANK,PI7,goods
XLS-FAIR-040,Опл-Пост FAIR,THE QUALITY AND FRESH MEAT MCHJ,FAIR EXPORTS (INDIA) PVT. LTD.,2026-03-06,188671.0,Bank,BANK,PI6,goods
XLS-FAIR-041,Опл-Пост FAIR,THE QUALITY AND FRESH MEAT MCHJ,FAIR EXPORTS (INDIA) PVT. LTD.,2026-03-06,11339.0,Bank,BANK,PI7,goods
XLS-FAIR-042,Опл-Пост FAIR,THE QUALITY AND FRESH MEAT MCHJ,FAIR EXPORTS (INDIA) PVT. LTD.,2026-03-06,23950.0,Bank,BANK,PI7,goods
XLS-FAIR-043,Опл-Пост FAIR,THE QUALITY AND FRESH MEAT MCHJ,FAIR EXPORTS (INDIA) PVT. LTD.,2026-03-06,66040.0,Bank,BANK,PI5_2,goods
XLS-FAIR-044,Опл-Пост FAIR,THE QUALITY AND FRESH MEAT MCHJ,FAIR EXPORTS (INDIA) PVT. LTD.,2026-04-09,1000000.0,Bank,NBU BANK,PI7,goods
XLS-FAIR-045,Опл-Пост FAIR,THE QUALITY AND FRESH MEAT MCHJ,FAIR EXPORTS (INDIA) PVT. LTD.,2026-04-14,1168000.0,Bank,ALOQA BANK,PI7,goods
XLS-FAIR-046,Опл-Пост FAIR,THE QUALITY AND FRESH MEAT MCHJ,FAIR EXPORTS (INDIA) PVT. LTD.,2026-05-20,600001.0,Bank,ALOQA BANK,PI8,goods
XLS-MIRHA-001,Опл-Пост MIRHA,MSA FRESH MEAT MCHJ,Mirha Exports Private limited,2025-04-08,1000000.0,Bank,BANK,PI1,goods
XLS-MIRHA-002,Опл-Пост MIRHA,MSA FRESH MEAT MCHJ,Mirha Exports Private limited,2025-05-02,1000000.0,Bank,BANK,PI2,goods
XLS-MIRHA-003,Опл-Пост MIRHA,MSA FRESH MEAT MCHJ,Mirha Exports Private limited,2025-05-30,268000.0,Bank,BANK,PI1,goods
XLS-MIRHA-004,Опл-Пост MIRHA,MSA FRESH MEAT MCHJ,Mirha Exports Private limited,2025-06-13,600000.0,Bank,BANK,PI2,goods
XLS-MIRHA-005,Опл-Пост MIRHA,MSA FRESH MEAT MCHJ,Mirha Exports Private limited,2025-06-17,302000.0,Bank,BANK,PI2,goods
XLS-MIRHA-006,Опл-Пост MIRHA,MSA FRESH MEAT MCHJ,Mirha Exports Private limited,2025-06-23,327000.0,Bank,BANK,PI3,goods
XLS-MIRHA-007,Опл-Пост MIRHA,MSA FRESH MEAT MCHJ,Mirha Exports Private limited,2025-07-29,190410.0,Bank,BANK,PI3,goods
XLS-MIRHA-008,Опл-Пост MIRHA,MSA FRESH MEAT MCHJ,Mirha Exports Private limited,2025-08-12,200000.0,Bank,BANK,PI3,goods
XLS-MIRHA-009,Опл-Пост MIRHA,MSA FRESH MEAT MCHJ,Mirha Exports Private limited,2025-08-19,185615.0,Bank,BANK,PI3,goods
XLS-MIRHA-010,Опл-Пост MIRHA,MSA FRESH MEAT MCHJ,Mirha Exports Private limited,2025-08-27,185806.0,Bank,BANK,PI3,goods
XLS-MIRHA-011,Опл-Пост MIRHA,MSA FRESH MEAT MCHJ,Mirha Exports Private limited,2025-09-03,250000.0,Bank,BANK,PI4,goods
XLS-MIRHA-012,Опл-Пост MIRHA,MSA FRESH MEAT MCHJ,Mirha Exports Private limited,2025-09-05,150000.0,Bank,BANK,PI4,goods
XLS-MIRHA-013,Опл-Пост MIRHA,MSA FRESH MEAT MCHJ,Mirha Exports Private limited,2025-09-09,100290.0,Bank,BANK,PI4,goods
XLS-MIRHA-014,Опл-Пост MIRHA,MSA FRESH MEAT MCHJ,Mirha Exports Private limited,2025-09-10,77000.0,Bank,BANK,PI4,goods
XLS-MIRHA-015,Опл-Пост MIRHA,MSA FRESH MEAT MCHJ,Mirha Exports Private limited,2025-09-22,100001.0,Bank,BANK,PI5,goods
XLS-MIRHA-016,Опл-Пост MIRHA,MSA FRESH MEAT MCHJ,Mirha Exports Private limited,2025-09-23,100001.0,Bank,BANK,PI5,goods
XLS-MIRHA-017,Опл-Пост MIRHA,MSA FRESH MEAT MCHJ,Mirha Exports Private limited,2025-09-25,150000.0,Bank,BANK,PI5,goods
XLS-MIRHA-018,Опл-Пост MIRHA,MSA FRESH MEAT MCHJ,Mirha Exports Private limited,2025-09-26,100001.0,Bank,BANK,PI5,goods
XLS-MIRHA-019,Опл-Пост MIRHA,MSA FRESH MEAT MCHJ,Mirha Exports Private limited,2025-10-15,100002.0,Bank,BANK,PI4,goods
XLS-MIRHA-020,Опл-Пост MIRHA,MSA FRESH MEAT MCHJ,Mirha Exports Private limited,2025-10-16,200000.0,Bank,BANK,PI4,goods
XLS-MIRHA-021,Опл-Пост MIRHA,MSA FRESH MEAT MCHJ,Mirha Exports Private limited,2025-10-20,250000.0,Bank,BANK,PI4,goods
XLS-MIRHA-022,Опл-Пост MIRHA,MSA FRESH MEAT MCHJ,Mirha Exports Private limited,2025-10-21,100003.0,Bank,BANK,PI5,goods
XLS-MIRHA-023,Опл-Пост MIRHA,MSA FRESH MEAT MCHJ,Mirha Exports Private limited,2025-10-22,240000.0,Bank,BANK,PI5,goods
XLS-MIRHA-024,Опл-Пост MIRHA,MSA FRESH MEAT MCHJ,Mirha Exports Private limited,2025-11-05,120000.0,Bank,BANK,PI5,goods
XLS-MIRHA-025,Опл-Пост MIRHA,MSA FRESH MEAT MCHJ,Mirha Exports Private limited,2025-11-07,120000.0,Bank,BANK,PI4,goods
XLS-MIRHA-026,Опл-Пост MIRHA,MSA FRESH MEAT MCHJ,Mirha Exports Private limited,2025-11-13,31748.0,Bank,BANK,PI4,goods
XLS-MIRHA-027,Опл-Пост MIRHA,MSA FRESH MEAT MCHJ,Mirha Exports Private limited,2025-11-13,47285.0,Bank,BANK,PI5,goods
XLS-MIRHA-028,Опл-Пост MIRHA,MSA FRESH MEAT MCHJ,Mirha Exports Private limited,2025-11-13,20972.0,Bank,BANK,PI6,goods
XLS-MIRHA-029,Опл-Пост MIRHA,MSA FRESH MEAT MCHJ,Mirha Exports Private limited,2025-11-17,250000.0,Bank,BANK,PI5,goods
XLS-MIRHA-030,Опл-Пост MIRHA,MSA FRESH MEAT MCHJ,Mirha Exports Private limited,2025-11-19,222000.0,Bank,BANK,PI5,goods
XLS-MIRHA-031,Опл-Пост MIRHA,MSA FRESH MEAT MCHJ,Mirha Exports Private limited,2025-12-01,700000.0,Bank,BANK,PI5,goods
XLS-MIRHA-032,Опл-Пост MIRHA,MSA FRESH MEAT MCHJ,Mirha Exports Private limited,2025-12-03,200000.0,Bank,BANK,PI5,goods
XLS-MIRHA-033,Опл-Пост MIRHA,MSA FRESH MEAT MCHJ,Mirha Exports Private limited,2025-12-10,233528.0,Bank,BANK,PI6,goods
XLS-MIRHA-034,Опл-Пост MIRHA,MSA FRESH MEAT MCHJ,Mirha Exports Private limited,2025-12-17,400009.0,Bank,BANK,PI5,goods
XLS-MIRHA-035,Опл-Пост MIRHA,MSA FRESH MEAT MCHJ,Mirha Exports Private limited,2025-12-24,70000.0,Bank,BANK,PI5,goods
XLS-MIRHA-036,Опл-Пост MIRHA,MSA FRESH MEAT MCHJ,Mirha Exports Private limited,2025-01-05,307295.0,Bank,BANK,PI7,goods
XLS-MIRHA-037,Опл-Пост MIRHA,MSA FRESH MEAT MCHJ,Mirha Exports Private limited,2026-02-03,250000.0,Bank,BANK,PI5,goods
XLS-MIRHA-038,Опл-Пост MIRHA,MSA FRESH MEAT MCHJ,Mirha Exports Private limited,2026-02-06,300000.0,Bank,BANK,PI6,goods
XLS-MIRHA-039,Опл-Пост MIRHA,MSA FRESH MEAT MCHJ,Mirha Exports Private limited,2026-02-11,200000.0,Bank,BANK,PI6,goods
XLS-MIRHA-040,Опл-Пост MIRHA,MSA FRESH MEAT MCHJ,Mirha Exports Private limited,2026-02-18,180000.0,Bank,BANK,PI7,goods
XLS-MIRHA-041,Опл-Пост MIRHA,MSA FRESH MEAT MCHJ,Mirha Exports Private limited,2026-03-05,150000.0,Bank,BANK,PI7,goods
XLS-MIRHA-042,Опл-Пост MIRHA,MSA FRESH MEAT MCHJ,Mirha Exports Private limited,2026-04-09,508392.88,Bank,NBU BANK,PI8,goods
XLS-MIRHA-043,Опл-Пост MIRHA,MSA FRESH MEAT MCHJ,Mirha Exports Private limited,2026-04-14,800000.0,Bank,ALOQA BANK,PI8,goods
XLS-MIRHA-044,Опл-Пост MIRHA,MSA FRESH MEAT MCHJ,Mirha Exports Private limited,2026-05-06,150002.0,Bank,ALOQA BANK,PI8,goods
XLS-MIRHA-045,Опл-Пост MIRHA,MSA FRESH MEAT MCHJ,Mirha Exports Private limited,2026-05-14,234360.0,Bank,ALOQA BANK,PI9,goods
XLS-MIRHA-046,Опл-Пост MIRHA,MSA FRESH MEAT MCHJ,Mirha Exports Private limited,2026-06-10,246400.0,Bank,BANK,PI10,goods
XLS-MIRHA-047,Опл-Пост MIRHA,MSA FRESH MEAT MCHJ,Mirha Exports Private limited,2026-06-17,429000.0,Bank,BANK,PI7,goods
XLS-MIRHA-048,Опл-Пост MIRHA,MSA FRESH MEAT MCHJ,Mirha Exports Private limited,2026-06-22,23928.0,Bank,BANK,PI6,goods
XLS-MIRHA-049,Опл-Пост MIRHA,MSA FRESH MEAT MCHJ,Mirha Exports Private limited,2026-06-22,186057.99,Bank,BANK,PI7,goods
XLS-MIRHA-050,Опл-Пост MIRHA,MSA FRESH MEAT MCHJ,Mirha Exports Private limited,2026-06-22,10650.0,Bank,BANK,PI7 freight,freight
XLS-MIRHA-051,Опл-Пост MIRHA,MSA FRESH MEAT MCHJ,Mirha Exports Private limited,2026-06-22,92792.01,Bank,BANK,PI8,goods
XLS-MIRHA-052,Опл-Пост MIRHA,MSA FRESH MEAT MCHJ,Mirha Exports Private limited,2026-07-07,296813.11,Bank,BANK,PI8,goods
XLS-MIRHA-053,Опл-Пост MIRHA,MSA FRESH MEAT MCHJ,Mirha Exports Private limited,2026-07-07,74400.0,Bank,BANK,PI8 freight,freight
XLS-MIRHA-054,Опл-Пост MIRHA,MSA FRESH MEAT MCHJ,Mirha Exports Private limited,2026-07-07,228786.89,Bank,BANK,PI9,goods
XLS-MIRHA-055,Опл-Пост MIRHA,MSA FRESH MEAT MCHJ,Mirha Exports Private limited,2026-07-09,300000.0,Bank,BANK,PI9,goods
XLS-MIRHA-056,Опл-Пост MIRHA,MSA FRESH MEAT MCHJ,Mirha Exports Private limited,2026-07-21,298527.0,Bank,BANK,PI9,goods
XLS-MIRHA-057,Опл-Пост MIRHA,MSA FRESH MEAT MCHJ,Mirha Exports Private limited,2025-06-21,128260.0,Cash,CASH,PI2,goods
XLS-MIRHA-058,Опл-Пост MIRHA,MSA FRESH MEAT MCHJ,Mirha Exports Private limited,2025-06-23,101200.0,Cash,CASH,PI2,goods
XLS-MIRHA-059,Опл-Пост MIRHA,MSA FRESH MEAT MCHJ,Mirha Exports Private limited,2025-06-24,52600.0,Cash,CASH,PI2,goods
XLS-MIRHA-060,Опл-Пост MIRHA,MSA FRESH MEAT MCHJ,Mirha Exports Private limited,2025-06-25,61502.0,Cash,CASH,PI2,goods
XLS-MIRHA-061,Опл-Пост MIRHA,MSA FRESH MEAT MCHJ,Mirha Exports Private limited,2025-06-26,50104.0,Cash,CASH,PI2,goods
XLS-MIRHA-062,Опл-Пост MIRHA,MSA FRESH MEAT MCHJ,Mirha Exports Private limited,2025-06-27,67800.0,Cash,CASH,PI2,goods
XLS-MIRHA-063,Опл-Пост MIRHA,MSA FRESH MEAT MCHJ,Mirha Exports Private limited,2025-08-07,44851.0,Cash,CASH,PI3,goods
XLS-MIRHA-064,Опл-Пост MIRHA,MSA FRESH MEAT MCHJ,Mirha Exports Private limited,2025-08-19,89611.0,Cash,CASH,PI3,goods
XLS-MIRHA-065,Опл-Пост MIRHA,MSA FRESH MEAT MCHJ,Mirha Exports Private limited,2025-08-28,44434.0,Cash,CASH,PI3,goods
XLS-MIRHA-066,Опл-Пост MIRHA,MSA FRESH MEAT MCHJ,Mirha Exports Private limited,2025-09-01,28250.0,Cash,CASH,PI3,goods
XLS-MIRHA-067,Опл-Пост MIRHA,MSA FRESH MEAT MCHJ,Mirha Exports Private limited,2025-09-02,61545.0,Cash,CASH,PI3,goods
XLS-MIRHA-068,Опл-Пост MIRHA,MSA FRESH MEAT MCHJ,Mirha Exports Private limited,2025-09-04,3701.0,Cash,CASH,PI3,goods
XLS-MIRHA-069,Опл-Пост MIRHA,MSA FRESH MEAT MCHJ,Mirha Exports Private limited,2025-09-08,34090.0,Cash,CASH,PI4,goods
XLS-MIRHA-070,Опл-Пост MIRHA,MSA FRESH MEAT MCHJ,Mirha Exports Private limited,2025-09-09,35590.0,Cash,CASH,PI4,goods
XLS-MIRHA-071,Опл-Пост MIRHA,MSA FRESH MEAT MCHJ,Mirha Exports Private limited,2025-09-11,42785.0,Cash,CASH,PI4,goods
XLS-MIRHA-072,Опл-Пост MIRHA,MSA FRESH MEAT MCHJ,Mirha Exports Private limited,2025-09-12,95079.0,Cash,CASH,PI7,goods
XLS-MIRHA-073,Опл-Пост MIRHA,MSA FRESH MEAT MCHJ,Mirha Exports Private limited,2025-09-22,85956.0,Cash,CASH,PI4,goods
XLS-MIRHA-074,Опл-Пост MIRHA,MSA FRESH MEAT MCHJ,Mirha Exports Private limited,2025-12-16,44177.0,Cash,CASH,PI7,goods
XLS-MIRHA-075,Опл-Пост MIRHA,MSA FRESH MEAT MCHJ,Mirha Exports Private limited,2025-12-16,65823.0,Cash,CASH,PI8,goods
XLS-MIRHA-076,Опл-Пост MIRHA,MSA FRESH MEAT MCHJ,Mirha Exports Private limited,2026-06-19,94012.0,Cash,CASH,PI8,goods
XLS-MIRHA-077,Опл-Пост MIRHA,MSA FRESH MEAT MCHJ,Mirha Exports Private limited,2026-06-20,5291.0,Cash,CASH,PI8,goods
XLS-IFF-001,Опл-Пост IFF,MSA FRESH MEAT MCHJ,IFF India Frozen Foods Private Limited,2025-06-24,380000.0,Bank,BANK,PI1,goods
XLS-IFF-002,Опл-Пост IFF,MSA FRESH MEAT MCHJ,IFF India Frozen Foods Private Limited,2025-07-31,217875.0,Bank,BANK,PI1,goods
XLS-IFF-003,Опл-Пост IFF,MSA FRESH MEAT MCHJ,IFF India Frozen Foods Private Limited,2025-08-12,236000.0,Bank,BANK,PI1,goods
XLS-IFF-004,Опл-Пост IFF,MSA FRESH MEAT MCHJ,IFF India Frozen Foods Private Limited,2025-08-13,230000.0,Bank,BANK,PI1,goods
XLS-IFF-005,Опл-Пост IFF,MSA FRESH MEAT MCHJ,IFF India Frozen Foods Private Limited,2025-08-19,217874.0,Bank,BANK,PI1,goods
XLS-IFF-006,Опл-Пост IFF,MSA FRESH MEAT MCHJ,IFF India Frozen Foods Private Limited,2025-08-25,217874.0,Bank,BANK,PI1,goods
XLS-IFF-007,Опл-Пост IFF,MSA FRESH MEAT MCHJ,IFF India Frozen Foods Private Limited,2025-08-29,200000.0,Bank,BANK,PI1,goods
XLS-IFF-008,Опл-Пост IFF,MSA FRESH MEAT MCHJ,IFF India Frozen Foods Private Limited,2025-09-05,124697.0,Bank,BANK,PI1,goods
XLS-IFF-009,Опл-Пост IFF,MSA FRESH MEAT MCHJ,IFF India Frozen Foods Private Limited,2025-09-08,120000.0,Bank,BANK,PI1,goods
XLS-IFF-010,Опл-Пост IFF,MSA FRESH MEAT MCHJ,IFF India Frozen Foods Private Limited,2025-08-11,79548.0,Cash,CASH,PI1,goods
XLS-IFF-011,Опл-Пост IFF,MSA FRESH MEAT MCHJ,IFF India Frozen Foods Private Limited,2025-08-14,77489.0,Cash,CASH,PI1,goods
XLS-IFF-012,Опл-Пост IFF,MSA FRESH MEAT MCHJ,IFF India Frozen Foods Private Limited,2025-08-22,35620.0,Cash,CASH,PI1,goods
XLS-IFF-013,Опл-Пост IFF,MSA FRESH MEAT MCHJ,IFF India Frozen Foods Private Limited,2025-08-26,48303.0,Cash,CASH,PI1,goods
XLS-IFF-014,Опл-Пост IFF,MSA FRESH MEAT MCHJ,IFF India Frozen Foods Private Limited,2025-08-28,52542.0,Cash,CASH,PI1,goods
XLS-IFF-015,Опл-Пост IFF,MSA FRESH MEAT MCHJ,IFF India Frozen Foods Private Limited,2025-09-03,44944.0,Cash,CASH,PI1,goods
XLS-IFF-016,Опл-Пост IFF,MSA FRESH MEAT MCHJ,IFF India Frozen Foods Private Limited,2025-09-04,56242.97,Cash,CASH,PI1,goods
XLS-IFF-017,Опл-Пост IFF,MSA FRESH MEAT MCHJ,IFF India Frozen Foods Private Limited,2025-09-05,57930.26,Cash,CASH,PI1,goods
XLS-IFF-018,Опл-Пост IFF,MSA FRESH MEAT MCHJ,IFF India Frozen Foods Private Limited,2025-09-05,32741.28,Cash,CASH,PI1,goods
XLS-IFF-019,Опл-Пост IFF,MSA FRESH MEAT MCHJ,IFF India Frozen Foods Private Limited,2025-09-09,719.19,Cash,CASH,PI1,goods
XLS-IFF-020,Опл-Пост IFF,MSA FRESH MEAT MCHJ,IFF India Frozen Foods Private Limited,2025-10-01,217.0,Cash,CASH,late mbl charge,freight
XLS-ALS-001,Опл-Пост ALS,MSA FRESH MEAT MCHJ,AL-SUPER FROZEN FOODS PVT. LTD,2025-12-10,500000.0,Bank,BANK,PI1,goods
XLS-ALS-002,Опл-Пост ALS,MSA FRESH MEAT MCHJ,AL-SUPER FROZEN FOODS PVT. LTD,2025-01-05,48100.0,Bank,BANK,PI1,goods
XLS-ALS-003,Опл-Пост ALS,MSA FRESH MEAT MCHJ,AL-SUPER FROZEN FOODS PVT. LTD,2026-01-27,366480.0,Bank,BANK,PI2,goods
XLS-ALS-004,Опл-Пост ALS,MSA FRESH MEAT MCHJ,AL-SUPER FROZEN FOODS PVT. LTD,2026-02-03,250000.0,Bank,BANK,PI1,goods
XLS-ALS-005,Опл-Пост ALS,MSA FRESH MEAT MCHJ,AL-SUPER FROZEN FOODS PVT. LTD,2026-02-13,230000.0,Bank,BANK,PI1,goods
XLS-ALS-006,Опл-Пост ALS,MSA FRESH MEAT MCHJ,AL-SUPER FROZEN FOODS PVT. LTD,2026-02-18,798900.0,Bank,BANK,PI1,goods
XLS-ALS-007,Опл-Пост ALS,MSA FRESH MEAT MCHJ,AL-SUPER FROZEN FOODS PVT. LTD,2026-02-18,1100.0,Bank,BANK,PI2,goods
XLS-ALS-008,Опл-Пост ALS,MSA FRESH MEAT MCHJ,AL-SUPER FROZEN FOODS PVT. LTD,2026-03-06,260000.0,Bank,BANK,PI2,goods
XLS-ALS-009,Опл-Пост ALS,MSA FRESH MEAT MCHJ,AL-SUPER FROZEN FOODS PVT. LTD,2026-03-06,34000.0,Bank,BANK,PI2,goods
XLS-ALS-010,Опл-Пост ALS,MSA FRESH MEAT MCHJ,AL-SUPER FROZEN FOODS PVT. LTD,2026-03-13,500000.0,Bank,NBU BANK,PI2,goods
XLS-ALS-011,Опл-Пост ALS,MSA FRESH MEAT MCHJ,AL-SUPER FROZEN FOODS PVT. LTD,2026-04-09,800000.0,Bank,NBU BANK,PI3,goods
XLS-ALS-012,Опл-Пост ALS,MSA FRESH MEAT MCHJ,AL-SUPER FROZEN FOODS PVT. LTD,2026-04-14,1200000.0,Bank,ALOQA BANK,PI3,goods
XLS-ALS-013,Опл-Пост ALS,MSA FRESH MEAT MCHJ,AL-SUPER FROZEN FOODS PVT. LTD,2026-05-06,150001.0,Bank,ALOQA BANK,PI3,goods
XLS-ALS-014,Опл-Пост ALS,MSA FRESH MEAT MCHJ,AL-SUPER FROZEN FOODS PVT. LTD,2026-05-14,378000.0,Bank,BANK,PI4,goods
XLS-ALS-015,Опл-Пост ALS,MSA FRESH MEAT MCHJ,AL-SUPER FROZEN FOODS PVT. LTD,2026-06-04,200000.0,Bank,ALOQA BANK,PI2,goods
XLS-ALS-016,Опл-Пост ALS,MSA FRESH MEAT MCHJ,AL-SUPER FROZEN FOODS PVT. LTD,2026-06-10,492800.0,Bank,ALOQA BANK,PI5,goods
XLS-ALS-017,Опл-Пост ALS,MSA FRESH MEAT MCHJ,AL-SUPER FROZEN FOODS PVT. LTD,2026-06-18,411350.0,Bank,BANK,PI3,goods
XLS-ALS-018,Опл-Пост ALS,MSA FRESH MEAT MCHJ,AL-SUPER FROZEN FOODS PVT. LTD,2026-07-07,83220.0,Bank,BANK,PI2,goods
XLS-ALS-019,Опл-Пост ALS,MSA FRESH MEAT MCHJ,AL-SUPER FROZEN FOODS PVT. LTD,2026-07-07,25849.0,Bank,BANK,PI3,goods
XLS-ALS-020,Опл-Пост ALS,MSA FRESH MEAT MCHJ,AL-SUPER FROZEN FOODS PVT. LTD,2026-07-07,96600.0,Bank,BANK,PI3 freight,freight
XLS-ALS-021,Опл-Пост ALS,MSA FRESH MEAT MCHJ,AL-SUPER FROZEN FOODS PVT. LTD,2026-07-07,44331.0,Bank,BANK,PI4,goods
XLS-ALS-022,Опл-Пост ALS,MSA FRESH MEAT MCHJ,AL-SUPER FROZEN FOODS PVT. LTD,2026-07-13,298527.0,Bank,BANK,PI4,goods
XLS-ALS-023,Опл-Пост ALS,MSA FRESH MEAT MCHJ,AL-SUPER FROZEN FOODS PVT. LTD,2026-07-15,493250.0,Bank,BANK,PI4,goods
XLS-ALS-024,Опл-Пост ALS,MSA FRESH MEAT MCHJ,AL-SUPER FROZEN FOODS PVT. LTD,2026-07-20,307000.0,Bank,BANK,PI4,goods
XLS-ALS-025,Опл-Пост ALS,MSA FRESH MEAT MCHJ,AL-SUPER FROZEN FOODS PVT. LTD,2026-07-21,368892.0,Bank,BANK,PI4,goods
XLS-ALS-026,Опл-Пост ALS,MSA FRESH MEAT MCHJ,AL-SUPER FROZEN FOODS PVT. LTD,2026-06-18,48306.0,Cash,CASH,PI3,goods
XLS-ALS-027,Опл-Пост ALS,MSA FRESH MEAT MCHJ,AL-SUPER FROZEN FOODS PVT. LTD,2026-06-19,5040.0,Cash,CASH,PI1,goods
XLS-ALS-028,Опл-Пост ALS,MSA FRESH MEAT MCHJ,AL-SUPER FROZEN FOODS PVT. LTD,2026-06-19,21000.0,Cash,CASH,PI2,goods
XLS-ALS-029,Опл-Пост ALS,MSA FRESH MEAT MCHJ,AL-SUPER FROZEN FOODS PVT. LTD,2026-06-19,123334.0,Cash,CASH,PI3,goods
XLS-ALDUA-001,AL-DUA,MSA FRESH MEAT,AL-DUA,2026-06-26,242000.0,Bank,BANK,PI1,goods
