ci_number,lines,boxes,kg,agreed_total,docs_total,cash_difference,pi_refs
.0060158,1,2600,65000.0,0.0,159250.0,-159250.0,Специфкация №9
.0060410,1,2600,65000.0,0.0,159250.0,-159250.0,Специфкация №9
.0060481,1,2600,65000.0,0.0,159250.0,-159250.0,Специфкация №9
.0060545,1,2600,65000.0,0.0,182000.0,-182000.0,Специфкация №10
.0060621,1,2600,65000.0,0.0,182000.0,-182000.0,Специфкация №10
.0060622,1,2600,65000.0,0.0,182000.0,-182000.0,Специфкация №10
.0060631,1,2600,65000.0,0.0,182000.0,-182000.0,Специфкация №10
.0060632,1,2600,65000.0,0.0,182000.0,-182000.0,Специфкация №10
.0309626,1,2600,65000.0,0.0,156000.0,-156000.0,Специфкация №1
.0309627,1,2600,65000.0,0.0,156000.0,-156000.0,Специфкация №1
.0309631,1,2600,65000.0,0.0,156000.0,-156000.0,Специфкация №1
.0309636,1,2600,65000.0,0.0,156000.0,-156000.0,Специфкация №1
.0309644,1,2600,65000.0,0.0,156000.0,-156000.0,Специфкация №3
.0309800,1,2555,63875.0,0.0,63875.0,-63875.0,Специфкация №6
.0309803,1,2555,63875.0,0.0,63875.0,-63875.0,Специфкация №6
.063364,1,2600,65000.0,0.0,156000.0,-156000.0,Специфкация №8
.063559,1,2600,65000.0,0.0,156000.0,-156000.0,Специфкация №7
.2364993,1,2600,65000.0,0.0,65000.0,-65000.0,Специфкация №5
.2364995,1,2600,65000.0,0.0,65000.0,-65000.0,Специфкация №5
.2368842,1,2600,65000.0,0.0,240500.0,-240500.0,Специфкация №2
.2368843,1,2600,65000.0,0.0,156000.0,-156000.0,Специфкация №1
.2368848,1,2600,65000.0,0.0,58500.0,-58500.0,Специфкация №4
.2369734,1,2600,65000.0,0.0,156000.0,-156000.0,Специфкация №1
033/01,1,244,20874.8,0.0,87674.16,-87674.16,ВОЛКОВЫС№1
033/02,1,274,19965.4,0.0,105816.62,-105816.62,ВОЛКОВЫС№2
033/03,1,274,19977.2,0.0,105879.16,-105879.16,ВОЛКОВЫС№3
1118889635,3,4200,84000.0,378000.0,378000.0,0.0,FIR/25-26/28611-28616
1118889661,27,4440,84020.0,405679.16,405679.16,0.0,FIR/25-26/27482-27493
1118909177,39,4326,84018.0,373039.92,373039.92,0.0,FIR/25-26/28917-28925
1118909202,3,4200,84000.0,367920.0,367920.0,0.0,FIR/25-26/29639-29647
1119109072,39,4326,84018.0,346574.25,346574.25,0.0,FIR/25-26/24534-24545
1119109105,20,4242,84006.0,362764.75,362764.75,0.0,FIR/25-26/24534-24545
1119109170,27,4284,84012.0,365030.16,365030.16,0.0,FIR/25-26/27482-27493
1119109207,39,4326,84018.0,346574.25,346574.25,0.0,FIR/25-26/24534-24545
1119189094,39,4326,84018.0,375560.46,375560.46,0.0,FIR/25-26/29639-29647
1119299094,39,4326,84018.0,340272.9,340272.9,0.0,FIR/25-26/24126-24137
1119679124,39,4326,84018.0,340272.9,340272.9,0.0,FIR/25-26/24126-24137
1119679134,12,4200,84000.0,354900.0,354900.0,0.0,FIR/25-26/24126-24137
1119679193,12,4200,84000.0,354900.0,354900.0,0.0,FIR/25-26/24126-24137
1119679244,12,4200,84000.0,370860.0,370860.0,0.0,FIR/25-26/24534-24545
1119679342,10,4200,84000.0,370860.0,370860.0,0.0,FIR/25-26/24534-24545
1119679547,27,4284,84012.0,365030.16,365030.16,0.0,FIR/25-26/27482-27493
1119679599,15,4242,84006.0,379005.08,379005.08,0.0,FIR/25-26/27482-27493
1120721238,39,4212,84000.0,417480.0,417480.0,0.0,FIR/26-27/31247-31273
1120721255,39,4212,84000.0,417480.0,417480.0,0.0,FIR/26-27/31247-31273
1120721269,39,4212,84000.0,417480.0,417480.0,0.0,FIR/26-27/31247-31273
1120721321,40,4332,86400.0,441936.0,441936.0,0.0,FIR/26-27/31953-31967
1120771056,39,4212,84000.0,417480.0,417480.0,0.0,FIR/26-27/31247-31273
1121271144,39,4212,84000.0,417480.0,417480.0,0.0,FIR/26-27/31247-31273
1121271153,39,4212,84000.0,417480.0,417480.0,0.0,FIR/26-27/31247-31273
1121271156,39,4212,84000.0,409080.0,409080.0,0.0,FIR/26-27/31274-31276
1121281178,39,4212,84000.0,417480.0,417480.0,0.0,FIR/26-27/31247-31273
1121281201,39,4212,84000.0,417480.0,417480.0,0.0,FIR/26-27/31247-31273
1121281203,39,4212,84000.0,417480.0,417480.0,0.0,FIR/26-27/31247-31273
1121281247,38,4092,81600.0,417384.0,417384.0,0.0,FIR/26-27/31953-31967
2368841,1,2600,65000.0,0.0,156000.0,-156000.0,Специфкация №1
2369653,1,2600,65000.0,0.0,156000.0,-156000.0,Специфкация №1
2369654,1,2600,65000.0,0.0,156000.0,-156000.0,Специфкация №1
IFF/EXP/26/0539,39,4200,84000.0,340200.0,272160.0,68040.0,IFF/EXP/25/247
IFF/EXP/26/0553,39,4200,84000.0,340200.0,272160.0,68040.0,IFF/EXP/25/247
IFF/EXP/26/0554,21,4200,84000.0,354200.0,283360.0,70840.0,IFF/EXP/25/247
IFF/EXP/26/0576,30,4200,84000.0,347200.0,277760.0,69440.0,IFF/EXP/25/247
IFF/EXP/26/0595,39,4200,84000.0,340200.0,272160.0,68040.0,IFF/EXP/25/247
IFF/EXP/26/0616,30,4200,84000.0,347200.0,277760.0,69440.0,IFF/EXP/25/247
IFF/EXP/26/0685,12,4200,84000.0,361200.0,288960.0,72240.0,IFF/EXP/25/247
MEPL/P0022/2526,39,4200,84000.0,317100.0,317100.0,0.0,PRO/MEPL/0012/2526
MEPL/P0023/2526,39,4200,84000.0,317100.0,317100.0,0.0,PRO/MEPL/0012/2526
MEPL/P0049/2526,39,4200,84000.0,317100.0,317100.0,0.0,PRO/MEPL/0012/2526
MEPL/P0054/2526,39,4200,84000.0,317100.0,317100.0,0.0,PRO/MEPL/0012/2526
MEPL/P0059/26-27,39,4200,84000.0,408240.0,369600.0,38640.0,PRO/MEPL/0024/26-27
MEPL/P0062/26-27,39,4200,84000.0,408240.0,369600.0,38640.0,PRO/MEPL/0024/26-27
MEPL/P0070/2526,39,4200,84000.0,333900.0,268800.0,65100.0,PRO/MEPL/0034/2526
MEPL/P0077/2526,39,4200,84000.0,333900.0,268800.0,65100.0,PRO/MEPL/0034/2526
MEPL/P0084/2526,39,4200,84000.0,333900.0,268800.0,65100.0,PRO/MEPL/0034/2526
MEPL/P0084/26-27,39,4200,84000.0,408240.0,369600.0,38640.0,PRO/MEPL/0024/26-27
MEPL/P0085/2526,39,4200,84000.0,333900.0,268800.0,65100.0,PRO/MEPL/0034/2526
MEPL/P0091/26-27,39,4200,84000.0,408240.0,369600.0,38640.0,PRO/MEPL/0024/26-27
MEPL/P0092/2526,27,4356,84008.0,359839.2,288991.36,70847.84,PRO/MEPL/0034/2526
MEPL/P0098/2526,39,4200,84000.0,333900.0,268800.0,65100.0,PRO/MEPL/0034/2526
MEPL/P0098/26-27,3,4200,84000.0,429800.0,369600.0,60200.0,PRO/MEPL/0054/26-27
MEPL/P0101/2526,39,4200,84000.0,333900.0,268800.0,65100.0,PRO/MEPL/0034/2526
MEPL/P0159/26-27,5,4200,84000.0,423500.0,378000.0,45500.0,PRO/MEPL/0108/26-27
MEPL/P0241/2526,39,4200,84000.0,340200.0,272160.0,68040.0,PRO/MEPL/0100/25-26
MEPL/P0242/2526,39,4200,84000.0,340200.0,272160.0,68040.0,PRO/MEPL/0100/25-26
MEPL/P0246/26-27,39,4200,84000.0,415800.0,378000.0,37800.0,PRO/MEPL/0108/26-27
MEPL/P0248/26-27,39,4200,84000.0,415800.0,378000.0,37800.0,PRO/MEPL/0108/26-27
MEPL/P0250/2526,39,4200,84000.0,340200.0,272160.0,68040.0,PRO/MEPL/0100/25-26
MEPL/P0251/2526,39,4200,84000.0,340200.0,272160.0,68040.0,PRO/MEPL/0100/25-26
MEPL/P0420/2526,1,1400,28000.0,61600.0,56000.0,5600.0,PRO/MEPL/0188/25-26
MEPL/P0423/2526,22,2800,56000.0,226800.0,188160.0,38640.0,PRO/MEPL/0187/25-26
MEPL/P0429/2526,23,4200,84000.0,305200.0,282240.0,22960.0,PRO/MEPL/0187/25-26
MEPL/P0461/2526,23,4200,84000.0,305200.0,282240.0,22960.0,PRO/MEPL/0187/25-26
MEPL/P0510/2526,13,4200,84000.0,352800.0,305760.0,47040.0,PRO/MEPL/0187/25-26;PRO/MEPL/0291/2526
MEPL/P0526/2526,26,4200,84000.0,343700.0,282240.0,61460.0,PRO/MEPL/0187/25-26
MEPL/P0572/2526,33,4200,84000.0,340200.0,340200.0,0.0,PRO/MEPL/0291/2526
MEPL/P0616/2526,33,4200,84000.0,340200.0,340200.0,0.0,PRO/MEPL/0291/2526
MEPL/P0648/2526,33,4200,84000.0,344400.0,344400.0,0.0,PRO/MEPL/0291/2526
MEPL/P0661/2526,33,4200,84000.0,348600.0,348600.0,0.0,PRO/MEPL/0291/2526
MEPL/P0678/2526,33,4200,84000.0,348600.0,348600.0,0.0,PRO/MEPL/0291/2526
MEPL/P0695/2526,33,4200,84000.0,344400.0,344400.0,0.0,PRO/MEPL/0291/2526
MEPL/P0718/2526,39,4200,84000.0,344400.0,344400.0,0.0,PRO/MEPL/0291/2526
MEPL/P0723/2526,39,4200,84000.0,344400.0,344400.0,0.0,PRO/MEPL/0291/2526
MEPL/P0763/2526,28,4300,84000.0,420100.0,420100.0,0.0,PRO/MEPL/0291/2526;PRO/MEPL/0421/25-26
MEPL/P0839/2526,39,4200,84000.0,365400.0,365400.0,0.0,PRO/MEPL/0421/25-26
MEPL/P0906/2526,1,1400,28000.0,121800.0,105980.0,15820.0,PRO/MEPL/0538/25-26
MEPL/P0912/2526,3,2878,56004.0,291228.2,275408.2,15820.0,PRO/MEPL/0421/25-26;PRO/MEPL/0538/25-26
"MEPL/P1024,1036/2526",28,4237,84002.0,384374.2,346787.57,37586.63,PRO/MEPL/0538/25-26
MEPL/P1025/2526,28,4234,84012.0,382685.2,346825.42,35859.78,PRO/MEPL/0538/25-26
MEPL/P1051/2526,28,4230,84000.0,380950.0,346780.0,34170.0,PRO/MEPL/0538/25-26
MH/036/202526,11,7000,140000.0,548800.0,548800.0,0.0,HMA/PI/2677/202425
MH/037/202526,11,5600,112000.0,368592.0,368592.0,0.0,HMA/PI/2677/202425
MH/084/202526,13,5600,112000.0,438200.0,438200.0,0.0,HMA/PI/2677/202425
MH/085/202526,32,5600,112000.0,431200.0,431200.0,0.0,HMA/PI/2677/202425
MH/093/202526,10,5756,112008.0,474641.2,474641.2,0.0,HMA/PI/2677/202425
MH/1002/2025-26,3,4200,84000.0,210000.0,210000.0,0.0,HMA/PI/694/2025-26
MH/1008/2025-26,12,4200,84000.0,357000.0,306600.0,50400.0,HMA/PI/693/2025-26
MH/1028/2026-27,36,4200,84000.0,411600.0,394800.0,16800.0,HMA/PI/419/2026-27
MH/1034/2025-26,12,4200,84000.0,357000.0,306600.0,50400.0,HMA/PI/693/2025-26
MH/1037/2026-27,36,4200,84000.0,411600.0,394800.0,16800.0,HMA/PI/419/2026-27
MH/104/202526,24,5600,112000.0,436800.0,436800.0,0.0,HMA/PI/2677/202425
MH/1048/2025-26,9,4200,84000.0,308000.0,274400.0,33600.0,HMA/PI/693/2025-26;HMA/PI/694/2025-26
MH/1050/2025-26,3,4200,84000.0,358400.0,327600.0,30800.0,HMA/PI/1167/2025-26
MH/1051/2025-26,3,4200,84000.0,352800.0,327600.0,25200.0,HMA/PI/1167/2025-26
MH/1052/2025-26,9,4200,84000.0,352800.0,313600.0,39200.0,HMA/PI/1167/2025-26;HMA/PI/693/2025-26
MH/1056/2025-26,3,4200,84000.0,221200.0,221200.0,0.0,HMA/PI/1168/2025-26;HMA/PI/694/2025-26
MH/106/202526,10,5600,112000.0,442400.0,442400.0,0.0,HMA/PI/2677/202425
MH/1069/2026-27,36,4200,84000.0,411600.0,394800.0,16800.0,HMA/PI/419/2026-27
MH/1096/2026-27,36,4200,84000.0,411600.0,394800.0,16800.0,HMA/PI/419/2026-27
MH/1102/2025-26,30,4200,84000.0,348600.0,327600.0,21000.0,HMA/PI/1167/2025-26
MH/1103/2025-26,3,4200,84000.0,310800.0,299600.0,11200.0,HMA/PI/1167/2025-26;HMA/PI/1168/2025-26
MH/1105/2025-26,30,4200,84000.0,348600.0,327600.0,21000.0,HMA/PI/1167/2025-26
MH/1108/2025-26,6,4356,84008.0,337442.0,275829.2,61612.8,HMA/PI/1209/2025-26;HMA/PI/693/2025-26
MH/1109/2025-26,3,4200,84000.0,302400.0,288400.0,14000.0,HMA/PI/1240/2025-26;HMA/PI/694/2025-26
MH/1110/2026-27,36,4200,84000.0,411600.0,394800.0,16800.0,HMA/PI/419/2026-27
MH/1111/2025-26,30,4200,84000.0,348600.0,327600.0,21000.0,HMA/PI/1167/2025-26
MH/1112/2025-26,30,4200,84000.0,348600.0,327600.0,21000.0,HMA/PI/1167/2025-26
MH/1115/2025-26,30,4200,84000.0,348600.0,327600.0,21000.0,HMA/PI/1167/2025-26
MH/1119/2025-26,3,4200,84000.0,348600.0,327600.0,21000.0,HMA/PI/1240/2025-26
MH/1119/2026-27,36,4200,84000.0,411600.0,394800.0,16800.0,HMA/PI/419/2026-27
MH/1126/2025-26,3,3360,84000.0,342300.0,327600.0,14700.0,HMA/PI/1241/2025-26
MH/1152/2026-27,36,4200,84000.0,411600.0,394800.0,16800.0,HMA/PI/419/2026-27
MH/1155/2025-26_D,12,4200,84000.0,357000.0,306600.0,50400.0,HMA/PI/693/2025-26
MH/1171/2025-26,3,4200,84000.0,284200.0,277200.0,7000.0,HMA/PI/1168/2025-26;HMA/PI/1240/2025-26
MH/1172/2025-26,4,4356,84008.0,316444.4,265831.2,50613.2,HMA/PI/1167/2025-26;HMA/PI/1168/2025-26;HMA/PI/405/2025-26;HMA/PI/694/2025-26
MH/1173/2025-26,3,4200,84000.0,348600.0,327600.0,21000.0,HMA/PI/1240/2025-26
MH/1198/2026-27,3,4200,84000.0,218400.0,371000.0,-152600.0,HMA/PI/190/2026-27;HMA/PI/653/2026-27
MH/1227/2026-27,36,4200,84000.0,411600.0,394800.0,16800.0,HMA/PI/419/2026-27
MH/1242/2025-26_D,12,4200,84000.0,357000.0,306600.0,50400.0,HMA/PI/693/2025-26
MH/1242/2025-26_NSh,12,4200,84000.0,366660.0,327600.0,39060.0,HMA/PI/1167/2025-26
MH/1243/2025-26,12,4200,84000.0,366660.0,327600.0,39060.0,HMA/PI/1167/2025-26
MH/1244/2025-26,5,4278,84004.0,324822.2,287015.6,37806.6,HMA/PI/1167/2025-26;HMA/PI/1168/2025-26;HMA/PI/1209/2025-26;HMA/PI/1240/2025-26;HMA/PI/405/2025-26
MH/1245/2025-26,12,4200,84000.0,366660.0,327600.0,39060.0,HMA/PI/1167/2025-26
MH/1246/2025-26,12,4212,84016.0,345328.8,308262.4,37066.4,HMA/PI/1167/2025-26;HMA/PI/1168/2025-26;HMA/PI/405/2025-26;HMA/PI/694/2025-26
MH/1260/2025-26_D,12,4200,84000.0,357000.0,306600.0,50400.0,HMA/PI/693/2025-26
MH/1264/2026-27,3,4200,84000.0,403200.0,394800.0,8400.0,HMA/PI/419/2026-27
MH/1266/2025-26,3,4200,84000.0,348600.0,340200.0,8400.0,HMA/PI/1351/2025-26
MH/1267/2025-26_D,12,4200,84000.0,357000.0,306600.0,50400.0,HMA/PI/693/2025-26
MH/1267/2025-26_NSh,3,4200,84000.0,303800.0,298200.0,5600.0,HMA/PI/1168/2025-26;HMA/PI/1351/2025-26
MH/1269/2025-26_D,12,4200,84000.0,357000.0,306600.0,50400.0,HMA/PI/693/2025-26
MH/1277/2025-26_D,12,4200,84000.0,357000.0,306600.0,50400.0,HMA/PI/693/2025-26
MH/1280/2025-26,10,4244,83992.0,373795.6,323568.8,50226.8,HMA/PI/1167/2025-26;HMA/PI/405/2025-26
MH/1284/2025-26,3,4200,84000.0,327600.0,327600.0,0.0,HMA/PI/1352/2025-26
MH/129/202526,7,5700,112000.0,366020.0,366020.0,0.0,HMA/PI/2677/202425
MH/1307/2025-26,3,3640,84000.0,305200.0,303800.0,1400.0,HMA/PI/1168/2025-26;HMA/PI/1351/2025-26
MH/1308/2025-26,3,4200,84000.0,310800.0,305200.0,5600.0,HMA/PI/1351/2025-26;HMA/PI/1352/2025-26
MH/1309/2025-26,4,4200,84000.0,297900.0,297900.0,0.0,HMA/PI/1168/2025-26;HMA/PI/1352/2025-26
MH/1310/2025-26,8,4244,83992.0,351353.8,330568.2,20785.6,HMA/PI/1167/2025-26;HMA/PI/1351/2025-26;HMA/PI/1352/2025-26
MH/1328/2025-26,12,4200,84000.0,366660.0,327600.0,39060.0,HMA/PI/1167/2025-26
MH/1329/2025-26,15,3920,84000.0,353220.0,336000.0,17220.0,HMA/PI/1167/2025-26;HMA/PI/1351/2025-26
MH/1335/2025-26,30,4200,84000.0,350700.0,340200.0,10500.0,HMA/PI/1351/2025-26
MH/1336/2025-26,30,4200,84000.0,350700.0,340200.0,10500.0,HMA/PI/1351/2025-26
MH/1366/2025-26,4,4200,84000.0,342800.0,328800.0,14000.0,HMA/PI/1167/2025-26;HMA/PI/1351/2025-26;HMA/PI/1352/2025-26
MH/1370/2025-26,21,4200,84000.0,365400.0,340200.0,25200.0,HMA/PI/1351/2025-26
MH/1375/2025-26,30,4200,84000.0,350700.0,340200.0,10500.0,HMA/PI/1351/2025-26
MH/1376/2025-26,30,4200,84000.0,350700.0,340200.0,10500.0,HMA/PI/1351/2025-26
MH/1377/2025-26,6,4200,84000.0,285050.0,281050.0,4000.0,HMA/PI/1168/2025-26;HMA/PI/1351/2025-26;HMA/PI/1352/2025-26
MH/140/202526,16,5600,112000.0,442400.0,442400.0,0.0,HMA/PI/2677/202425
MH/144/202526,32,5600,112000.0,431200.0,431200.0,0.0,HMA/PI/2677/202425
MH/145/202526,10,5600,112000.0,371000.0,371000.0,0.0,HMA/PI/2677/202425
MH/1455/2025-26,3,4200,84000.0,214200.0,214200.0,0.0,HMA/PI/1168/2025-26
MH/1456/2025-26,12,4200,84000.0,366660.0,327600.0,39060.0,HMA/PI/1167/2025-26
MH/1457/2025-26,12,4356,84008.0,416548.0,340232.4,76315.6,HMA/PI/1351/2025-26
MH/1458/2025-26_D,12,4200,84000.0,366660.0,327600.0,39060.0,HMA/PI/1167/2025-26
MH/1464/2025-26,16,4200,84000.0,313951.0,299111.0,14840.0,HMA/PI/1168/2025-26;HMA/PI/1351/2025-26;HMA/PI/1352/2025-26
MH/1465/2025-26,30,4200,84000.0,350700.0,340200.0,10500.0,HMA/PI/1351/2025-26
MH/1479/2025-26,3,4200,84000.0,273000.0,259000.0,14000.0,HMA/PI/1351/2025-26;HMA/PI/1352/2025-26
MH/1501/2025-26,7,4200,84000.0,284539.0,283339.0,1200.0,HMA/PI/1209/2025-26;HMA/PI/1351/2025-26;HMA/PI/1352/2025-26
MH/151/202526,20,4200,84000.0,326200.0,326200.0,0.0,HMA/PI/2677/202425
MH/1522/2025-26,14,4278,84004.0,341524.0,304716.2,36807.8,HMA/PI/1351/2025-26;HMA/PI/1352/2025-26
MH/1531/2025-26_D,12,4200,84000.0,366660.0,327600.0,39060.0,HMA/PI/1167/2025-26
MH/154/202526,7,4256,84008.0,304429.2,304429.2,0.0,HMA/PI/2677/202425
MH/1546/2025-26,13,4260,84014.0,343646.6,308527.7,35118.9,HMA/PI/1351/2025-26;HMA/PI/1352/2025-26
MH/1547/2025-26,21,4200,84000.0,306600.0,299600.0,7000.0,HMA/PI/1351/2025-26;HMA/PI/1352/2025-26
MH/1593/2025-26_D,9,4200,84000.0,367640.0,327600.0,40040.0,HMA/PI/1167/2025-26
MH/1646/2025-26,3,4200,84000.0,301000.0,281400.0,19600.0,HMA/PI/1796/2025-26
MH/1648/2025-26,9,4200,84000.0,302500.0,294400.0,8100.0,HMA/PI/1351/2025-26;HMA/PI/1352/2025-26
MH/167/2026-27,14,4200,84000.0,398020.0,371700.0,26320.0,HMA/PI/053/2026-27
MH/168/2026-27,36,4200,84000.0,408660.0,371700.0,36960.0,HMA/PI/053/2026-27
MH/1720/2025-26,3,4200,84000.0,224000.0,224000.0,0.0,HMA/PI/1796/2025-26
MH/1721/2025-26,8,4004,84014.0,367486.0,317804.9,49681.1,HMA/PI/1843/2025-26;HMA/PI/1844/2025-26;HMA/PI/1948/2025-26
MH/1759/2025-26,5,4200,84000.0,294900.0,294800.0,100.0,HMA/PI/1796/2025-26;HMA/PI/1844/2025-26
MH/1800/2025-26,3,4200,84000.0,378000.0,359800.0,18200.0,HMA/PI/1843/2025-26;HMA/PI/1844/2025-26
MH/1801/2025-26,30,4200,84000.0,370440.0,365400.0,5040.0,HMA/PI/1843/2025-26
MH/1802/2025-26,14,4200,84000.0,300592.0,292412.0,8180.0,HMA/PI/1843/2025-26;HMA/PI/1844/2025-26;HMA/PI/1948/2025-26
MH/1804/2025-26,23,4235,84000.0,382770.0,362715.0,20055.0,HMA/PI/1843/2025-26;HMA/PI/1844/2025-26
MH/1872/2025-26,10,4200,84000.0,378280.0,346500.0,31780.0,HMA/PI/1351/2025-26;HMA/PI/1844/2025-26;HMA/PI/1948/2025-26
MH/1874/2025-26,12,4200,84000.0,336280.0,316400.0,19880.0,HMA/PI/1796/2025-26;HMA/PI/1843/2025-26;HMA/PI/1948/2025-26
MH/1876/2025-26,30,4200,84000.0,370440.0,365400.0,5040.0,HMA/PI/1843/2025-26
MH/1891/2025-26,30,4200,84000.0,370440.0,365400.0,5040.0,HMA/PI/1843/2025-26
MH/1954/2025-26,30,4200,84000.0,370440.0,365400.0,5040.0,HMA/PI/1843/2025-26
MH/1955/2025-26,4,4200,84000.0,265300.0,264600.0,700.0,HMA/PI/1796/2025-26;HMA/PI/1844/2025-26
MH/1965/2025-26,8,4244,83992.0,361344.0,327565.2,33778.8,HMA/PI/1796/2025-26;HMA/PI/1843/2025-26;HMA/PI/1844/2025-26
MH/1998/2025-26,7,5395,84000.0,290500.0,278600.0,11900.0,HMA/PI/1843/2025-26;HMA/PI/2230/2025-26
MH/1999/2025-26,7,4200,84000.0,343378.0,329338.0,14040.0,HMA/PI/1844/2025-26;HMA/PI/1948/2025-26;HMA/PI/2229/2025-26;HMA/PI/2230/2025-26
MH/2000/2025-26,3,4200,84000.0,434000.0,365400.0,68600.0,HMA/PI/2229/2025-26
MH/2042/2025-26,9,4356,84008.0,358711.2,336031.2,22680.0,HMA/PI/1351/2025-26;HMA/PI/1352/2025-26
MH/2043/2025-26,12,4200,84000.0,374220.0,340200.0,34020.0,HMA/PI/1351/2025-26
MH/2106/2025-26,12,4202,83994.0,325515.4,322262.9,3252.5,HMA/PI/1796/2025-26;HMA/PI/1844/2025-26;HMA/PI/2229/2025-26;HMA/PI/2230/2025-26
MH/2107/2025-26,12,4207,84002.0,359808.2,343878.7,15929.5,HMA/PI/1796/2025-26;HMA/PI/1843/2025-26;HMA/PI/1844/2025-26;HMA/PI/2229/2025-26;HMA/PI/2230/2025-26
MH/2193/2025-26,21,4200,84000.0,366240.0,362600.0,3640.0,HMA/PI/2229/2025-26;HMA/PI/2230/2025-26
MH/2197/2025-26,11,4200,84000.0,371400.0,346900.0,24500.0,HMA/PI/1843/2025-26;HMA/PI/2229/2025-26;HMA/PI/2230/2025-26
MH/2235/2025-26,5,4200,84000.0,366203.0,359703.0,6500.0,HMA/PI/2229/2025-26;HMA/PI/2230/2025-26
MH/2241/2025-26,30,4200,84000.0,370860.0,365400.0,5460.0,HMA/PI/2229/2025-26
MH/2242/2025-26,30,4200,84000.0,370860.0,365400.0,5460.0,HMA/PI/2229/2025-26
MH/2243/2025-26,30,4200,84000.0,370860.0,365400.0,5460.0,HMA/PI/2229/2025-26
MH/2264/2025-26,4,4287,84002.0,366809.4,357008.7,9800.7,HMA/PI/2229/2025-26;HMA/PI/2230/2025-26
MH/2266/2025-26,8,4350,84000.0,380420.0,359680.0,20740.0,HMA/PI/2229/2025-26;HMA/PI/2230/2025-26
MH/2275/2025-26,3,4200,84000.0,375200.0,357000.0,18200.0,HMA/PI/1843/2025-26;HMA/PI/1844/2025-26
MH/2296/2025-26,9,4200,84000.0,325080.0,302400.0,22680.0,HMA/PI/1351/2025-26;HMA/PI/1913/2025-26
MH/2370/2025-26,30,4200,84000.0,370440.0,365400.0,5040.0,HMA/PI/1843/2025-26
MH/2391/2025-26,30,4200,84000.0,370440.0,365400.0,5040.0,HMA/PI/1843/2025-26
MH/2392/2025-26,6,3581,84007.0,385172.55,357030.45,28142.1,HMA/PI/1351/2025-26;HMA/PI/1843/2025-26
MH/242/2026-27,36,4200,84000.0,408660.0,371700.0,36960.0,HMA/PI/053/2026-27
MH/243/2026-27,12,4200,84000.0,445200.0,371700.0,73500.0,HMA/PI/053/2026-27
MH/247/2026-27,36,4200,84000.0,408660.0,371700.0,36960.0,HMA/PI/053/2026-27
MH/2486/2025-26,12,4200,84000.0,374220.0,340200.0,34020.0,HMA/PI/1351/2025-26
MH/2513/2025-26,12,4200,84000.0,374220.0,340200.0,34020.0,HMA/PI/1351/2025-26
MH/2514/2025-26,12,4200,84000.0,374220.0,340200.0,34020.0,HMA/PI/1351/2025-26
MH/2523/2025-26,10,4311,83998.0,423466.0,347791.3,75674.7,HMA/PI/1351/2025-26;HMA/PI/1843/2025-26;HMA/PI/1844/2025-26
MH/2569/2025-26,12,4200,84000.0,383180.0,348600.0,34580.0,HMA/PI/1351/2025-26;HMA/PI/1843/2025-26
MH/259/2026-27,36,4200,84000.0,408660.0,371700.0,36960.0,HMA/PI/053/2026-27
MH/2623/2025-26,3,5320,84000.0,288400.0,280000.0,8400.0,HMA/PI/2229/2025-26;HMA/PI/2230/2025-26
MH/2624/2025-26,30,4200,84000.0,370860.0,365400.0,5460.0,HMA/PI/2229/2025-26
MH/2629/2025-26,10,4200,84000.0,387400.0,363200.0,24200.0,HMA/PI/1796/2025-26;HMA/PI/1843/2025-26;HMA/PI/1844/2025-26
MH/263/2025-26,3,4200,84000.0,332500.0,289800.0,42700.0,HMA/PI/143/2025-26
MH/265/2025-26,12,4200,84000.0,352800.0,289800.0,63000.0,HMA/PI/143/2025-26
MH/2652/2025-26,11,4237,83992.0,405242.0,363602.2,41639.8,HMA/PI/1843/2025-26;HMA/PI/1844/2025-26;HMA/PI/2230/2025-26
MH/266/2025-26,3,4356,84008.0,366141.4,289827.6,76313.8,HMA/PI/143/2025-26
MH/270/2025-26,3,4200,84000.0,268380.0,289800.0,-21420.0,HMA/PI/143/2025-26
MH/271/2025-26,4,4200,84000.0,302820.0,289800.0,13020.0,HMA/PI/143/2025-26
MH/284/202526,9,4200,84000.0,322450.0,289800.0,32650.0,HMA/PI/143/2025-26
MH/290/2026-27,36,4200,84000.0,415800.0,394800.0,21000.0,HMA/PI/189/2026-27
MH/294/2026-27,36,4200,84000.0,415800.0,394800.0,21000.0,HMA/PI/189/2026-27
MH/296/2026-27,36,4200,84000.0,415800.0,394800.0,21000.0,HMA/PI/189/2026-27
MH/297/2026-27,36,4200,84000.0,415800.0,394800.0,21000.0,HMA/PI/189/2026-27
MH/3032/2025-26,30,4200,84000.0,370860.0,365400.0,5460.0,HMA/PI/2229/2025-26
MH/3038/2025-26,30,4200,84000.0,370860.0,365400.0,5460.0,HMA/PI/2229/2025-26
MH/3051/2025-26,12,4200,84000.0,403200.0,365400.0,37800.0,HMA/PI/2229/2025-26
MH/3054/2025-26,3,4200,84000.0,385000.0,365400.0,19600.0,HMA/PI/2229/2025-26;HMA/PI/2230/2025-26
MH/315/2025-26,24,4200,84000.0,336000.0,289800.0,46200.0,HMA/PI/143/2025-26
MH/316/2025-26,24,4200,84000.0,336000.0,289800.0,46200.0,HMA/PI/143/2025-26
MH/322/2025-26,24,4200,84000.0,336000.0,289800.0,46200.0,HMA/PI/143/2025-26
MH/323/2025-26,5,4356,84008.0,348121.4,289827.6,58293.8,HMA/PI/143/2025-26
MH/342/2026-27,3,4200,84000.0,351400.0,351400.0,0.0,HMA/PI/169/2026-27;HMA/PI/2229/2025-26;HMA/PI/324/2026-27
MH/345/2026-27,8,4200,84000.0,387809.0,373964.0,13845.0,HMA/PI/2229/2025-26;HMA/PI/2230/2025-26;HMA/PI/324/2026-27
MH/346/2025-26,13,4200,84000.0,341600.0,289800.0,51800.0,HMA/PI/143/2025-26
MH/349/2025-26,9,4200,84000.0,343000.0,289800.0,53200.0,HMA/PI/143/2025-26
MH/350/2025-26,3,4200,84000.0,332500.0,289800.0,42700.0,HMA/PI/143/2025-26
MH/351/2025-26,9,4200,84000.0,344400.0,289800.0,54600.0,HMA/PI/143/2025-26
MH/354/2025-26,7,4200,84000.0,342340.0,289800.0,52540.0,HMA/PI/143/2025-26
MH/357/2025-26,9,4200,84000.0,344400.0,289800.0,54600.0,HMA/PI/143/2025-26
MH/358/2025-26,9,4200,84000.0,343700.0,289800.0,53900.0,HMA/PI/143/2025-26
MH/362/2025-26,9,4200,84000.0,343700.0,289800.0,53900.0,HMA/PI/143/2025-26
MH/398/2025-26,12,4200,84000.0,352800.0,289800.0,63000.0,HMA/PI/143/2025-26
MH/399/2025-26,9,4200,84000.0,347200.0,289800.0,57400.0,HMA/PI/143/2025-26
MH/401/2025-26,5,4200,84000.0,331760.0,289800.0,41960.0,HMA/PI/143/2025-26
MH/441/2026-27,3,4200,84000.0,474600.0,403200.0,71400.0,HMA/PI/459/2026-27
MH/442/2026-27,3,4200,84000.0,446600.0,397600.0,49000.0,HMA/PI/419/2026-27;HMA/PI/459/2026-27
MH/445/2026-27,5,6650,84000.0,271040.0,268240.0,2800.0,HMA/PI/190/2026-27;HMA/PI/419/2026-27;HMA/PI/420/2026-27
MH/446/2026-27,3,5600,84000.0,271600.0,271600.0,0.0,HMA/PI/190/2026-27;HMA/PI/420/2026-27
MH/449/2026-27,4,2350,47000.0,228655.0,207975.0,20680.0,HMA/PI/053/2026-27
MH/450/2026-27,4,2350,47000.0,228655.0,207975.0,20680.0,HMA/PI/053/2026-27
MH/467/2026-27,10,4200,84000.0,433300.0,382900.0,50400.0,HMA/PI/189/2026-27;HMA/PI/2229/2025-26;HMA/PI/2230/2025-26
MH/480/2026-27,9,4200,84000.0,447300.0,387100.0,60200.0,HMA/PI/053/2026-27;HMA/PI/189/2026-27
MH/482/2026-27,36,4200,84000.0,408660.0,371700.0,36960.0,HMA/PI/053/2026-27
MH/490/2025-26,4,4200,84000.0,337610.0,289800.0,47810.0,HMA/PI/143/2025-26
MH/494/2026-27,4,4200,84000.0,416500.0,381500.0,35000.0,HMA/PI/053/2026-27;HMA/PI/169/2026-27;HMA/PI/189/2026-27
MH/495/2026-27,3,5600,84000.0,306600.0,305200.0,1400.0,HMA/PI/189/2026-27;HMA/PI/190/2026-27
MH/500/2025-26,3,4200,84000.0,270200.0,310800.0,-40600.0,HMA/PI/405/2025-26
MH/504/2025-26,12,4200,84000.0,365400.0,310800.0,54600.0,HMA/PI/405/2025-26
MH/511/2026-27,9,4200,84000.0,447300.0,387100.0,60200.0,HMA/PI/053/2026-27;HMA/PI/189/2026-27
MH/539/2026-27,14,4200,84000.0,408660.0,371700.0,36960.0,HMA/PI/053/2026-27
MH/540/2026-27,36,4200,84000.0,411600.0,394800.0,16800.0,HMA/PI/419/2026-27
MH/541/2025-26,24,4200,84000.0,344400.0,310800.0,33600.0,HMA/PI/405/2025-26
MH/541/2026-27,72,8400,168000.0,820260.0,766500.0,53760.0,HMA/PI/053/2026-27;HMA/PI/419/2026-27
MH/544/2026-27,36,4200,84000.0,411600.0,394800.0,16800.0,HMA/PI/419/2026-27
MH/546/2026-27,3,4505,84003.0,457816.35,394814.1,63002.25,HMA/PI/419/2026-27
MH/547/2026-27,3,7001,84003.0,152616.35,308014.1,-155397.75,HMA/PI/419/2026-27
MH/570/2026-27,36,4200,84000.0,411600.0,394800.0,16800.0,HMA/PI/419/2026-27
MH/574/2026-27,25,4312,84002.0,427010.9,394809.4,32201.5,HMA/PI/419/2026-27
MH/576/2026-27,36,4200,84000.0,411600.0,394800.0,16800.0,HMA/PI/419/2026-27
MH/579/2026-27,36,4200,84000.0,411600.0,394800.0,16800.0,HMA/PI/419/2026-27
MH/580/2026-27,36,4200,84000.0,411600.0,400400.0,11200.0,HMA/PI/419/2026-27;HMA/PI/459/2026-27
MH/583/2025-26,12,4200,84000.0,365400.0,310800.0,54600.0,HMA/PI/405/2025-26
MH/589/2025-26,10,4212,84006.0,355771.8,310822.2,44949.6,HMA/PI/405/2025-26
MH/593/2025-26,24,4200,84000.0,344400.0,310800.0,33600.0,HMA/PI/405/2025-26
MH/629/2025-26,24,4200,84000.0,344400.0,310800.0,33600.0,HMA/PI/405/2025-26
MH/634/2025-26,24,4200,84000.0,344400.0,310800.0,33600.0,HMA/PI/405/2025-26
MH/648/2026-27,12,4200,84000.0,476700.0,434700.0,42000.0,HMA/PI/311/2026-27
MH/650/2026-27,12,4200,84000.0,476700.0,434700.0,42000.0,HMA/PI/311/2026-27
MH/658/2026-27,6,4200,84000.0,408660.0,371700.0,36960.0,HMA/PI/053/2026-27
MH/669/2026-27,11,4130,84001.037,420845.49,396205.49,24640.0,HMA/PI/053/2026-27;HMA/PI/137/2026-27
MH/672/2026-27,12,4200,84000.0,476700.0,434700.0,42000.0,HMA/PI/311/2026-27
MH/675/2026-27,12,4200,84000.0,476700.0,434700.0,42000.0,HMA/PI/311/2026-27
MH/676/2026-27,12,4200,84000.0,476700.0,434700.0,42000.0,HMA/PI/311/2026-27
MH/677/2026-27,25,4287,84000.0,425600.0,411600.0,14000.0,HMA/PI/137/2026-27;HMA/PI/189/2026-27
MH/678/2025-26,12,4200,84000.0,365400.0,310800.0,54600.0,HMA/PI/405/2025-26
MH/679/2026-27,3,4200,84000.0,405300.0,394800.0,10500.0,HMA/PI/189/2026-27
MH/681/2026-27,4,4341,84000.0,445900.0,387100.0,58800.0,HMA/PI/053/2026-27;HMA/PI/189/2026-27
MH/686/2025-26,4,4344,84002.0,346370.6,310807.4,35563.2,HMA/PI/405/2025-26
MH/689/2025-26,12,4200,84000.0,365400.0,310800.0,54600.0,HMA/PI/405/2025-26
MH/692/2026-27,3,4340,84000.0,458080.0,411600.0,46480.0,HMA/PI/137/2026-27;HMA/PI/189/2026-27
MH/710/2026-27,3,4272,84000.0,464520.0,394800.0,69720.0,HMA/PI/189/2026-27
MH/715/2026-27,36,4200,84000.0,413280.0,396480.0,16800.0,HMA/PI/240/2026-27
MH/728/2025-26,12,4200,84000.0,365400.0,310800.0,54600.0,HMA/PI/405/2025-26
MH/735/2025-26,12,4200,84000.0,365400.0,310800.0,54600.0,HMA/PI/405/2025-26
MH/740/2026-27,36,4200,84000.0,413280.0,396480.0,16800.0,HMA/PI/240/2026-27
MH/743/2025-26,9,4200,84000.0,323400.0,303800.0,19600.0,HMA/PI/143/2025-26;HMA/PI/405/2025-26
MH/754/2026-27,36,4200,84000.0,413280.0,396480.0,16800.0,HMA/PI/240/2026-27
MH/756/2026-27,14,4282,84000.0,422240.0,392000.0,30240.0,HMA/PI/189/2026-27;HMA/PI/190/2026-27
MH/757/2026-27,36,4200,84000.0,415800.0,394800.0,21000.0,HMA/PI/189/2026-27
MH/758/2026-27,36,4200,84000.0,413280.0,396480.0,16800.0,HMA/PI/240/2026-27
MH/760/2025-26,30,4200,84000.0,346500.0,306600.0,39900.0,HMA/PI/693/2025-26
MH/761/2025-26,12,4200,84000.0,365400.0,310800.0,54600.0,HMA/PI/405/2025-26
MH/762/2025-26,3,4200,84000.0,337400.0,306600.0,30800.0,HMA/PI/693/2025-26
MH/763/2025-26,3,4200,84000.0,268800.0,242200.0,26600.0,HMA/PI/693/2025-26;HMA/PI/694/2025-26
MH/775/2026-27,36,4200,84000.0,415800.0,394800.0,21000.0,HMA/PI/189/2026-27
MH/776/2026-27,36,4200,84000.0,415800.0,394800.0,21000.0,HMA/PI/189/2026-27
MH/778/2026-27,36,4200,84000.0,413280.0,396480.0,16800.0,HMA/PI/240/2026-27
MH/800/2026-27,36,4200,84000.0,413280.0,396480.0,16800.0,HMA/PI/240/2026-27
MH/855/2026-27,36,4200,84000.0,413280.0,396480.0,16800.0,HMA/PI/240/2026-27
MH/863/2025-26,9,4200,84000.0,352800.0,309400.0,43400.0,HMA/PI/405/2025-26;HMA/PI/693/2025-26
MH/864/2025-26,30,4200,84000.0,346500.0,306600.0,39900.0,HMA/PI/693/2025-26
MH/865/2026-27,36,4200,84000.0,413280.0,396480.0,16800.0,HMA/PI/240/2026-27
MH/867/2025-26,30,4200,84000.0,346500.0,306600.0,39900.0,HMA/PI/693/2025-26
MH/870/2025-26,3,4200,84000.0,268800.0,295400.0,-26600.0,HMA/PI/143/2025-26;HMA/PI/693/2025-26
MH/876/2025-26,3,4200,84000.0,273000.0,309400.0,-36400.0,HMA/PI/405/2025-26;HMA/PI/693/2025-26
MH/904/2026-27,36,4200,84000.0,413280.0,396480.0,16800.0,HMA/PI/240/2026-27
MH/905/2026-27,36,4200,84000.0,415800.0,394800.0,21000.0,HMA/PI/189/2026-27
MH/935/2026-27,36,4200,84000.0,415800.0,394800.0,21000.0,HMA/PI/189/2026-27
MH/945/2026-27,36,4200,84000.0,415800.0,394800.0,21000.0,HMA/PI/189/2026-27
MH/949/2026-27,36,4200,84000.0,413280.0,396480.0,16800.0,HMA/PI/240/2026-27
MH/954/2025-26,30,4200,84000.0,346500.0,306600.0,39900.0,HMA/PI/693/2025-26
MH/954/2026-27,36,4200,84000.0,415800.0,394800.0,21000.0,HMA/PI/189/2026-27
MH/955/2025-26,3,4200,84000.0,305200.0,315000.0,-9800.0,HMA/PI/1167/2025-26;HMA/PI/405/2025-26;HMA/PI/693/2025-26
MH/956/2025-26,3,4200,84000.0,280000.0,306600.0,-26600.0,HMA/PI/693/2025-26
MH/979/2025-26,3,4200,84000.0,306600.0,306600.0,0.0,HMA/PI/693/2025-26
MH/980/2025-26,12,4200,84000.0,357000.0,306600.0,50400.0,HMA/PI/693/2025-26
PRO/ALS/0015/26-27,39,4200,84000.0,401280.0,369600.0,31680.0,PRO/ALS/2026-27/006
PRO/ALS/0016/26-27,39,4200,84000.0,401280.0,369600.0,31680.0,PRO/ALS/2026-27/006
PRO/ALS/0017/26-27,39,4200,84000.0,401280.0,369600.0,31680.0,PRO/ALS/2026-27/006
PRO/ALS/0019/26-27,39,4200,84000.0,401280.0,369600.0,31680.0,PRO/ALS/2026-27/006
PRO/ALS/0023/26-27,39,4200,84000.0,401280.0,369600.0,31680.0,PRO/ALS/2026-27/006
PRO/ALS/0024/26-27,39,4200,84000.0,401280.0,369600.0,31680.0,PRO/ALS/2026-27/006
PRO/ALS/0025/26-27,39,4200,84000.0,401280.0,369600.0,31680.0,PRO/ALS/2026-27/006
PRO/ALS/0054/26-27,39,4200,84000.0,415800.0,378000.0,37800.0,PRO/ALS/2026-27/025
PRO/ALS/0058/26-27,39,4200,84000.0,415800.0,378000.0,37800.0,PRO/ALS/2026-27/025
PRO/ALS/0062/26-27,27,4200,84000.0,277200.0,378000.0,-100800.0,PRO/ALS/2026-27/025
PRO/ALS/0066/26-27,39,4200,84000.0,415800.0,378000.0,37800.0,PRO/ALS/2026-27/025
PRO/ALS/0069/26-27,39,4200,84000.0,415800.0,378000.0,37800.0,PRO/ALS/2026-27/025
PRO/ALS/0074/26-27,39,4200,84000.0,414120.0,372400.0,41720.0,PRO/ALS/2026-27/025;PRO/ALS/2026-27/032
PRO/ALS/0234/25-26,39,4200,84000.0,366408.0,365400.0,1008.0,PRO/ALS/080/25-26
PRO/ALS/0243/25-26,39,4200,84000.0,366408.0,365400.0,1008.0,PRO/ALS/080/25-26
PRO/ALS/0245/25-26,39,4200,84000.0,366408.0,365400.0,1008.0,PRO/ALS/080/25-26
PRO/ALS/0247/25-26,39,4200,84000.0,366408.0,365400.0,1008.0,PRO/ALS/080/25-26
PRO/ALS/0251/25-26,39,4200,84000.0,366408.0,365400.0,1008.0,PRO/ALS/080/25-26
PRO/ALS/0260/25-26,39,4200,84000.0,366450.0,361200.0,5250.0,PRO/ALS/100/25-26
PRO/ALS/0275/25-26,39,4200,84000.0,366450.0,361200.0,5250.0,PRO/ALS/100/25-26
PRO/ALS/0276/25-26,39,4200,84000.0,366450.0,361200.0,5250.0,PRO/ALS/100/25-26
PRO/ALS/0278/25-26,39,4200,84000.0,366450.0,361200.0,5250.0,PRO/ALS/100/25-26
№1,7,2126,147000.0,0.0,536550.0,-536550.0,МАСТЕР/FRESH№1;Мастер/Спец№1;СПАРТАК/FRESH№1;СПАРТАК№1;Торнадо№1;УКРТМК/FRESH№1;ФРЕШ/FRESH№1
№127,1,325,21000.0,0.0,80850.0,-80850.0,НОРВЕР/FRESH№1
№130,1,244,20293.2,0.0,85231.44,-85231.44,Ошмян№1
№137,1,272,21706.8,0.0,91168.56,-91168.56,Ошмян№2
№2,5,1559,105000.0,0.0,381150.0,-381150.0,Мастер/Спец№2;СПАРТАК/FRESH№2;СПАРТАК№2;Торнадо№2;ФРЕШ/FRESH№2
№3,3,928,63000.0,0.0,220500.0,-220500.0,Мастер/Спец№3;СПАРТАК№3;Торнадо№3
№4,2,701,42000.0,0.0,147000.0,-147000.0,СПАРТАК№4;Торнадо№4
